filename,width,height,class,xmin,ymin,xmax,ymax
F04091LDSC00225_trim12.jpg,1024,600,kiang,169,7,207,49
F04091LDSC00225_trim12.jpg,1024,600,kiang,162,61,209,87
F04091LDSC00225_trim12.jpg,1024,600,kiang,53,202,81,252
F04091LDSC00225_trim12.jpg,1024,600,kiang,93,201,133,243
F04091LDSC00362_trim17.jpg,1024,600,kiang,325,25,365,59
F04091LDSC00362_trim17.jpg,1024,600,kiang,304,45,326,94
F04091LDSC00362_trim17.jpg,1024,600,kiang,262,96,298,130
F04091LDSC00362_trim17.jpg,1024,600,kiang,350,165,388,192
F04091LDSC00362_trim17.jpg,1024,600,kiang,388,226,413,270
F04091LDSC00362_trim17.jpg,1024,600,kiang,412,258,449,300
F04091LDSC00362_trim17.jpg,1024,600,kiang,416,297,467,318
F04091LDSC00362_trim20.jpg,1024,600,kiang,700,53,741,98
F04091LDSC00367_trim30.jpg,1024,600,kiang,366,582,411,598
F04091LDSC00367_trim30.jpg,1024,600,kiang,391,539,421,586
F04091LDSC00367_trim31.jpg,1024,600,kiang,893,386,929,428
F04091LDSC00367_trim32.jpg,1024,600,kiang,398,40,451,58
F04091LDSC00367_trim32.jpg,1024,600,kiang,418,69,456,90
F04091LDSC00367_trim32.jpg,1024,600,kiang,462,163,500,186
F04091LDSC00367_trim32.jpg,1024,600,kiang,412,228,462,258
F04091LDSC00373_trim31.jpg,1024,600,kiang,238,447,293,475
F04091LDSC00373_trim31.jpg,1024,600,kiang,230,472,281,501
F04091LDSC00373_trim31.jpg,1024,600,kiang,273,496,331,523
F04091LDSC00373_trim31.jpg,1024,600,kiang,478,565,532,586
F04091LDSC00373_trim32.jpg,1024,600,kiang,671,15,730,51
F04091LDSC00373_trim38.jpg,880,600,kiang,828,287,876,336
F04091LDSC00373_trim5.jpg,1024,600,kiang,889,225,940,255
F04091LDSC00389_trim17.jpg,1024,600,kiang,628,101,669,129
F04091LDSC00389_trim17.jpg,1024,600,kiang,636,132,669,166
F04091LDSC00389_trim17.jpg,1024,600,kiang,487,499,524,535
F04091LDSC00389_trim17.jpg,1024,600,kiang,613,520,660,543
F04091LDSC00389_trim23.jpg,1024,600,kiang,165,174,215,204
F04091LDSC00389_trim23.jpg,1024,600,kiang,169,205,211,248
F04091LDSC00389_trim23.jpg,1024,600,kiang,96,277,127,334
F04091LDSC00389_trim23.jpg,1024,600,kiang,139,276,169,324
F04091LDSC00389_trim4.jpg,1024,600,kiang,766,235,817,255
F04091LDSC00389_trim4.jpg,1024,600,kiang,550,426,608,457
F04091LDSC00389_trim4.jpg,1024,600,kiang,879,388,928,411
F04091LDSC00389_trim4.jpg,1024,600,kiang,892,444,933,477
F04091LDSC00389_trim4.jpg,1024,600,kiang,955,434,984,475
F04091LDSC00389_trim4.jpg,1024,600,kiang,905,489,938,524
F04091LDSC00389_trim4.jpg,1024,600,kiang,891,567,930,593
F04091LDSC00389_trim6.jpg,1024,600,kiang,81,4,142,29
F04091LDSC00389_trim6.jpg,1024,600,kiang,124,155,154,195
F04091LDSC00389_trim6.jpg,1024,600,kiang,118,212,166,235
F04091LDSC00490_trim17.jpg,1024,600,kiang,729,495,754,534
F04091LDSC00490_trim17.jpg,1024,600,kiang,604,454,640,488
F04091LDSC00490_trim17.jpg,1024,600,kiang,633,542,674,566
F04091LDSC00490_trim17.jpg,1024,600,kiang,659,498,690,523
F04091LDSC00490_trim17.jpg,1024,600,kiang,620,513,657,539
F04091LDSC00490_trim18.jpg,1024,600,kiang,866,438,901,473
F04091LDSC00490_trim23.jpg,1024,600,kiang,803,295,827,347
F04091LDSC00490_trim23.jpg,1024,600,kiang,567,527,615,559
F04091LDSC00490_trim23.jpg,1024,600,kiang,637,509,670,546
F04091LDSC00490_trim23.jpg,1024,600,kiang,779,552,810,600
F04091LDSC00490_trim23.jpg,1024,600,kiang,798,356,831,389
F04091LDSC00490_trim24.jpg,1024,600,kiang,88,506,128,550
F04091LDSC00490_trim24.jpg,1024,600,kiang,803,1,828,32
F04091LDSC00490_trim24.jpg,1024,600,kiang,848,47,870,95
F04091LDSC00490_trim24.jpg,1024,600,kiang,870,50,886,92
F04091LDSC00490_trim24.jpg,1024,600,kiang,957,119,978,162
F04091LDSC00490_trim24.jpg,1024,600,kiang,930,148,950,201
F04091LDSC00498_trim25.jpg,1024,600,kiang,422,215,457,258
F04091LDSC00498_trim25.jpg,1024,600,kiang,431,180,461,210
F04091LDSC00498_trim25.jpg,1024,600,kiang,442,172,474,202
F04091LDSC00498_trim25.jpg,1024,600,kiang,532,162,575,190
F04091LDSC00509_trim12.jpg,1024,600,kiang,391,13,436,30
F04091LDSC00509_trim12.jpg,1024,600,kiang,409,61,460,90
F04091LDSC00509_trim31.jpg,1024,600,kiang,754,372,796,417
F04091LDSC00509_trim32.jpg,1024,600,kiang,859,422,908,449
F04091LDSC00509_trim32.jpg,1024,600,kiang,911,570,936,600
F04091LDSC00529_trim20.jpg,1024,600,kiang,992,109,1015,162
F04091LDSC00529_trim20.jpg,1024,600,kiang,960,153,994,197
F04091LDSC00529_trim27.jpg,1024,600,kiang,124,88,171,114
F04091LDSC00529_trim33.jpg,1024,600,kiang,178,163,226,192
F04091LDSC00529_trim33.jpg,1024,600,kiang,306,89,360,122
F04091LDSC00529_trim33.jpg,1024,600,kiang,304,147,344,178
F04091LDSC00529_trim33.jpg,1024,600,kiang,331,126,364,161
F04091LDSC00536_trim33.jpg,1024,600,kiang,700,228,728,275
F04091LDSC00536_trim33.jpg,1024,600,kiang,690,267,711,310
F04091LDSC00536_trim33.jpg,1024,600,kiang,765,321,787,368
F04091LDSC00536_trim33.jpg,1024,600,kiang,786,319,799,360
F04091LDSC00536_trim33.jpg,1024,600,kiang,848,517,871,556
F04091LDSC00536_trim33.jpg,1024,600,kiang,875,543,919,588
F04091LDSC00536_trim34.jpg,1024,600,kiang,889,165,919,202
F04091LDSC00536_trim34.jpg,1024,600,kiang,905,204,934,255
F04091LDSC00536_trim39.jpg,880,600,kiang,373,477,423,506
F04091LDSC00536_trim39.jpg,880,600,kiang,592,61,617,103
F04091LDSC00536_trim39.jpg,880,600,kiang,642,78,681,115
F04091LDSC00536_trim39.jpg,880,600,kiang,671,53,693,89
F04091LDSC00536_trim39.jpg,880,600,kiang,673,22,701,66
F04091LDSC00536_trim39.jpg,880,600,kiang,703,40,728,89
F04091LDSC00536_trim40.jpg,880,600,kiang,1,565,24,600
F04091LDSC00536_trim40.jpg,880,600,kiang,35,547,97,571
F04091LDSC00635_trim11.jpg,1024,600,kiang,104,304,156,322
F04091LDSC00635_trim11.jpg,1024,600,kiang,169,377,206,417
F04091LDSC00635_trim11.jpg,1024,600,kiang,354,284,398,302
F04091LDSC00635_trim11.jpg,1024,600,kiang,490,295,518,344
F04091LDSC00635_trim20.jpg,1024,600,kiang,812,123,862,148
F04091LDSC00652_trim4.jpg,1024,600,kiang,581,171,609,227
F04091LDSC00652_trim4.jpg,1024,600,kiang,769,567,788,600
F04091LDSC00652_trim4.jpg,1024,600,kiang,786,533,814,580
F04091LDSC00652_trim5.jpg,1024,600,kiang,776,54,806,109
F04152LDSC00508_trim25.jpg,1024,600,cow,363,456,379,506
F04152LDSC00508_trim26.jpg,1024,600,cow,490,306,510,350
F04152LDSC00662_trim17.jpg,1024,600,cow,666,279,709,300
F04152LDSC00662_trim17.jpg,1024,600,cow,811,346,856,371
W04091LDSC00012_trim3.jpg,600,1024,cow,377,329,400,358
W04091LDSC00012_trim3.jpg,600,1024,cow,78,152,99,176
W04091LDSC00012_trim6.jpg,600,880,cow,478,507,506,543
W04091LDSC00012_trim9.jpg,600,1024,cow,15,64,40,85
W04091LDSC00012_trim9.jpg,600,1024,cow,283,170,302,199
W04091LDSC00012_trim9.jpg,600,1024,cow,308,184,343,199
W04091LDSC00016_trim11.jpg,1024,600,cow,890,69,914,85
W04091LDSC00016_trim16.jpg,1024,600,cow,729,434,755,452
W04091LDSC00016_trim16.jpg,1024,600,cow,789,462,807,480
W04091LDSC00016_trim16.jpg,1024,600,cow,934,444,963,460
W04091LDSC00016_trim19.jpg,1024,600,cow,192,576,210,596
W04091LDSC00016_trim19.jpg,1024,600,cow,134,503,157,517
W04091LDSC00016_trim19.jpg,1024,600,cow,167,492,193,508
W04091LDSC00016_trim19.jpg,1024,600,cow,181,452,198,474
W04091LDSC00016_trim19.jpg,1024,600,cow,23,364,43,376
W04091LDSC00016_trim19.jpg,1024,600,cow,73,341,94,351
W04091LDSC00016_trim19.jpg,1024,600,cow,50,422,68,436
W04091LDSC00016_trim19.jpg,1024,600,cow,152,427,172,442
W04091LDSC00016_trim19.jpg,1024,600,cow,185,398,205,424
W04091LDSC00016_trim19.jpg,1024,600,cow,217,369,238,381
W04091LDSC00016_trim19.jpg,1024,600,cow,247,366,264,382
W04091LDSC00016_trim19.jpg,1024,600,cow,240,308,260,320
W04091LDSC00016_trim2.jpg,1024,600,cow,333,488,351,505
W04091LDSC00016_trim21.jpg,1024,400,cow,579,358,603,381
W04091LDSC00016_trim21.jpg,1024,400,cow,635,270,649,294
W04091LDSC00016_trim21.jpg,1024,400,cow,815,290,844,312
W04091LDSC00016_trim21.jpg,1024,400,cow,906,245,927,269
W04091LDSC00016_trim21.jpg,1024,400,cow,955,283,982,299
W04091LDSC00016_trim25.jpg,1024,600,cow,925,207,954,224
W04091LDSC00016_trim28.jpg,1024,400,cow,536,165,561,178
W04091LDSC00016_trim28.jpg,1024,400,cow,618,151,643,168
W04091LDSC00016_trim3.jpg,1024,600,cow,595,115,618,133
W04091LDSC00016_trim3.jpg,1024,600,cow,611,141,637,155
W04091LDSC00016_trim31.jpg,1024,600,cow,88,58,115,73
W04091LDSC00016_trim31.jpg,1024,600,cow,91,73,117,87
W04091LDSC00016_trim31.jpg,1024,600,cow,379,445,408,478
W04091LDSC00016_trim32.jpg,1024,600,cow,30,307,46,341
W04091LDSC00016_trim34.jpg,1024,600,cow,308,253,336,269
W04091LDSC00016_trim35.jpg,1024,400,cow,136,47,161,61
W04091LDSC00016_trim35.jpg,1024,400,cow,849,225,873,253
W04091LDSC00016_trim38.jpg,880,600,cow,726,464,745,493
W04091LDSC00016_trim40.jpg,880,600,cow,217,200,246,223
W04091LDSC00016_trim42.jpg,880,400,cow,5,99,22,136
W04091LDSC00016_trim6.jpg,1024,600,cow,554,454,575,467
W04091LDSC00016_trim6.jpg,1024,600,cow,694,492,715,513
W04091LDSC00016_trim7.jpg,1024,400,cow,684,15,698,36
W04091LDSC00016_trim9.jpg,1024,600,cow,833,464,851,481
W04091LDSC00016_trim9.jpg,1024,600,cow,917,1,935,25
W04091LDSC00016_trim9.jpg,1024,600,cow,906,42,928,54
W04091LDSC00019_trim12.jpg,600,880,cow,94,763,130,809
W04091LDSC00019_trim15.jpg,600,1024,cow,106,881,129,917
W04091LDSC00019_trim15.jpg,600,1024,cow,218,644,241,683
W04091LDSC00019_trim15.jpg,600,1024,cow,180,256,203,288
W04091LDSC00019_trim15.jpg,600,1024,cow,470,239,495,269
W04091LDSC00019_trim17.jpg,600,1024,cow,132,455,155,487
W04091LDSC00019_trim20.jpg,600,1024,cow,323,723,345,742
W04091LDSC00019_trim20.jpg,600,1024,cow,470,911,488,935
W04091LDSC00019_trim21.jpg,600,1024,cow,200,491,225,523
W04091LDSC00019_trim21.jpg,600,1024,cow,514,943,546,971
W04091LDSC00019_trim21.jpg,600,1024,cow,231,6,262,34
W04091LDSC00019_trim22.jpg,600,1024,cow,374,361,397,385
W04091LDSC00019_trim22.jpg,600,1024,cow,340,474,371,506
W04091LDSC00019_trim22.jpg,600,1024,cow,495,545,522,588
W04091LDSC00019_trim22.jpg,600,1024,cow,262,645,292,676
W04091LDSC00019_trim22.jpg,600,1024,cow,383,806,407,833
W04091LDSC00019_trim27.jpg,600,1024,cow,188,13,214,46
W04091LDSC00019_trim27.jpg,600,1024,cow,380,121,403,151
W04091LDSC00019_trim27.jpg,600,1024,cow,395,73,435,98
W04091LDSC00019_trim27.jpg,600,1024,cow,328,1,355,19
W04091LDSC00019_trim28.jpg,600,1024,cow,17,480,44,518
W04091LDSC00019_trim28.jpg,600,1024,cow,34,710,56,738
W04091LDSC00019_trim28.jpg,600,1024,cow,109,440,131,467
W04091LDSC00019_trim28.jpg,600,1024,cow,240,705,276,729
W04091LDSC00019_trim28.jpg,600,1024,cow,125,520,148,547
W04091LDSC00019_trim28.jpg,600,1024,cow,331,731,351,761
W04091LDSC00019_trim28.jpg,600,1024,cow,563,622,578,647
W04091LDSC00019_trim3.jpg,600,1024,cow,278,495,304,526
W04091LDSC00019_trim33.jpg,600,1024,cow,519,858,548,880
W04091LDSC00019_trim33.jpg,600,1024,cow,95,775,118,799
W04091LDSC00019_trim33.jpg,600,1024,cow,67,695,81,719
W04091LDSC00019_trim33.jpg,600,1024,cow,392,147,432,169
W04091LDSC00019_trim33.jpg,600,1024,cow,368,61,404,84
W04091LDSC00019_trim34.jpg,600,1024,cow,291,953,326,985
W04091LDSC00019_trim34.jpg,600,1024,cow,337,259,353,286
W04091LDSC00019_trim35.jpg,600,1024,cow,459,91,497,109
W04091LDSC00019_trim38.jpg,400,1024,cow,1,333,15,358
W04091LDSC00019_trim38.jpg,400,1024,cow,55,251,71,273
W04091LDSC00019_trim38.jpg,400,1024,cow,112,224,130,245
W04091LDSC00019_trim38.jpg,400,1024,cow,154,273,169,290
W04091LDSC00019_trim38.jpg,400,1024,cow,20,365,34,388
W04091LDSC00019_trim38.jpg,400,1024,cow,49,377,69,391
W04091LDSC00019_trim38.jpg,400,1024,cow,74,368,83,383
W04091LDSC00019_trim38.jpg,400,1024,cow,109,386,122,409
W04091LDSC00019_trim38.jpg,400,1024,cow,164,409,177,428
W04091LDSC00019_trim38.jpg,400,1024,cow,171,437,186,451
W04091LDSC00019_trim38.jpg,400,1024,cow,230,427,244,449
W04091LDSC00019_trim4.jpg,600,1024,cow,233,117,257,147
W04091LDSC00019_trim40.jpg,400,1024,cow,181,400,202,432
W04091LDSC00019_trim5.jpg,600,1024,cow,359,766,398,804
W04091LDSC00019_trim5.jpg,600,1024,cow,1,221,30,251
W04091LDSC00019_trim9.jpg,600,1024,cow,220,275,256,293
W04091LDSC00022_trim22.jpg,600,1024,cow,277,369,317,398
W04091LDSC00022_trim22.jpg,600,1024,cow,497,349,539,378
W04091LDSC00022_trim22.jpg,600,1024,cow,518,428,533,466
W04091LDSC00022_trim23.jpg,600,1024,cow,327,375,371,401
W04091LDSC00022_trim23.jpg,600,1024,cow,372,483,418,510
W04091LDSC00022_trim23.jpg,600,1024,cow,466,810,509,825
W04091LDSC00022_trim24.jpg,600,880,cow,255,201,274,239
W04091LDSC00022_trim27.jpg,600,1024,cow,257,673,278,699
W04091LDSC00022_trim27.jpg,600,1024,cow,172,53,196,82
W04091LDSC00022_trim28.jpg,600,1024,cow,236,743,266,769
W04091LDSC00022_trim29.jpg,600,1024,cow,1,595,37,618
W04091LDSC00022_trim33.jpg,600,1024,cow,14,569,55,589
W04091LDSC00022_trim33.jpg,600,1024,cow,77,702,112,719
W04091LDSC00022_trim33.jpg,600,1024,cow,292,932,329,954
W04091LDSC00022_trim35.jpg,600,1024,cow,123,249,148,290
W04091LDSC00022_trim38.jpg,400,1024,cow,47,872,69,906
W04091LDSC00022_trim38.jpg,400,1024,cow,327,862,359,894
W04091LDSC00022_trim39.jpg,400,1024,cow,109,428,147,451
W04091LDSC00022_trim39.jpg,400,1024,cow,171,204,213,228
W04091LDSC00022_trim42.jpg,400,880,cow,64,207,108,248
W04091LDSC00086_trim31.jpg,600,1024,kiang,306,957,319,985
W04091LDSC00086_trim31.jpg,600,1024,kiang,306,986,316,1011
W04091LDSC00086_trim31.jpg,600,1024,kiang,320,982,333,1009
W04091LDSC00086_trim32.jpg,600,1024,kiang,474,214,500,246
W04091LDSC00086_trim32.jpg,600,1024,kiang,429,157,457,187
W04091LDSC00086_trim32.jpg,600,1024,kiang,337,17,361,49
W04091LDSC00228_trim15.jpg,600,1024,cow,65,436,88,452
W04091LDSC00228_trim15.jpg,600,1024,cow,69,679,92,694
W04091LDSC00228_trim15.jpg,600,1024,cow,149,651,177,665
W04091LDSC00228_trim15.jpg,600,1024,cow,109,582,130,600
W04091LDSC00228_trim15.jpg,600,1024,cow,86,526,112,542
W04091LDSC00228_trim15.jpg,600,1024,cow,168,504,187,519
W04091LDSC00228_trim15.jpg,600,1024,cow,157,472,183,486
W04091LDSC00228_trim15.jpg,600,1024,cow,98,414,116,426
W04091LDSC00228_trim15.jpg,600,1024,cow,176,619,200,634
W04091LDSC00228_trim15.jpg,600,1024,cow,229,620,257,634
W04091LDSC00228_trim15.jpg,600,1024,cow,196,549,221,564
W04091LDSC00228_trim15.jpg,600,1024,cow,145,437,168,450
W04091LDSC00228_trim15.jpg,600,1024,cow,124,379,152,392
W04091LDSC00228_trim15.jpg,600,1024,cow,233,482,260,499
W04091LDSC00228_trim15.jpg,600,1024,cow,199,445,223,462
W04091LDSC00228_trim15.jpg,600,1024,cow,237,410,264,428
W04091LDSC00228_trim15.jpg,600,1024,cow,206,410,231,423
W04091LDSC00228_trim15.jpg,600,1024,cow,128,406,145,422
W04091LDSC00228_trim15.jpg,600,1024,cow,317,643,336,656
W04091LDSC00228_trim15.jpg,600,1024,cow,296,575,317,591
W04091LDSC00228_trim15.jpg,600,1024,cow,319,554,339,570
W04091LDSC00228_trim15.jpg,600,1024,cow,144,404,161,416
W04091LDSC00228_trim15.jpg,600,1024,cow,186,397,203,413
W04091LDSC00228_trim15.jpg,600,1024,cow,156,358,175,370
W04091LDSC00228_trim15.jpg,600,1024,cow,186,379,206,390
W04091LDSC00228_trim15.jpg,600,1024,cow,155,395,176,405
W04091LDSC00228_trim15.jpg,600,1024,cow,307,495,318,510
W04091LDSC00228_trim15.jpg,600,1024,cow,311,485,330,501
W04091LDSC00228_trim15.jpg,600,1024,cow,195,335,216,351
W04091LDSC00228_trim15.jpg,600,1024,cow,219,370,246,389
W04091LDSC00228_trim15.jpg,600,1024,cow,236,354,266,367
W04091LDSC00228_trim15.jpg,600,1024,cow,190,353,209,366
W04091LDSC00228_trim15.jpg,600,1024,cow,220,310,243,323
W04091LDSC00228_trim15.jpg,600,1024,cow,263,343,285,354
W04091LDSC00228_trim15.jpg,600,1024,cow,332,265,357,278
W04091LDSC00228_trim15.jpg,600,1024,cow,238,291,263,303
W04091LDSC00228_trim15.jpg,600,1024,cow,253,310,276,321
W04091LDSC00228_trim15.jpg,600,1024,cow,316,303,335,317
W04091LDSC00228_trim15.jpg,600,1024,cow,360,294,385,307
W04091LDSC00228_trim15.jpg,600,1024,cow,380,315,399,331
W04091LDSC00228_trim15.jpg,600,1024,cow,336,322,359,333
W04091LDSC00228_trim15.jpg,600,1024,cow,319,365,347,382
W04091LDSC00228_trim15.jpg,600,1024,cow,345,344,369,358
W04091LDSC00228_trim15.jpg,600,1024,cow,311,427,343,441
W04091LDSC00228_trim15.jpg,600,1024,cow,336,410,359,422
W04091LDSC00228_trim15.jpg,600,1024,cow,374,396,402,413
W04091LDSC00228_trim15.jpg,600,1024,cow,342,467,366,480
W04091LDSC00228_trim15.jpg,600,1024,cow,384,481,405,493
W04091LDSC00228_trim15.jpg,600,1024,cow,333,533,353,544
W04091LDSC00228_trim15.jpg,600,1024,cow,338,522,354,534
W04091LDSC00228_trim15.jpg,600,1024,cow,356,506,374,518
W04091LDSC00228_trim15.jpg,600,1024,cow,295,359,316,375
W04091LDSC00228_trim15.jpg,600,1024,cow,243,337,260,349
W04091LDSC00228_trim15.jpg,600,1024,cow,260,322,282,336
W04091LDSC00228_trim15.jpg,600,1024,cow,267,299,293,311
W04091LDSC00228_trim15.jpg,600,1024,cow,231,323,246,333
W04091LDSC00228_trim15.jpg,600,1024,cow,210,352,230,361
W04091LDSC00228_trim15.jpg,600,1024,cow,198,368,217,383
W04091LDSC00228_trim15.jpg,600,1024,cow,163,406,186,416
W04091LDSC00228_trim15.jpg,600,1024,cow,330,352,349,367
W04091LDSC00228_trim15.jpg,600,1024,cow,322,337,341,352
W04091LDSC00228_trim15.jpg,600,1024,cow,325,577,345,590
W04091LDSC00228_trim15.jpg,600,1024,cow,347,585,364,601
W04091LDSC00228_trim15.jpg,600,1024,cow,353,566,380,581
W04091LDSC00228_trim15.jpg,600,1024,cow,403,516,423,527
W04091LDSC00228_trim15.jpg,600,1024,cow,429,552,449,564
W04091LDSC00228_trim15.jpg,600,1024,cow,436,546,454,558
W04091LDSC00228_trim15.jpg,600,1024,cow,456,718,478,731
W04091LDSC00228_trim15.jpg,600,1024,cow,408,693,428,708
W04091LDSC00228_trim15.jpg,600,1024,cow,411,686,432,700
W04091LDSC00228_trim15.jpg,600,1024,cow,431,672,452,687
W04091LDSC00228_trim15.jpg,600,1024,cow,397,650,416,664
W04091LDSC00228_trim15.jpg,600,1024,cow,414,633,435,646
W04091LDSC00228_trim15.jpg,600,1024,cow,450,616,470,630
W04091LDSC00228_trim15.jpg,600,1024,cow,487,672,512,685
W04091LDSC00228_trim15.jpg,600,1024,cow,499,608,521,623
W04091LDSC00228_trim15.jpg,600,1024,cow,487,559,507,575
W04091LDSC00228_trim15.jpg,600,1024,cow,398,432,412,445
W04091LDSC00228_trim15.jpg,600,1024,cow,409,444,434,456
W04091LDSC00228_trim15.jpg,600,1024,cow,417,466,439,484
W04091LDSC00228_trim15.jpg,600,1024,cow,449,455,472,470
W04091LDSC00228_trim15.jpg,600,1024,cow,360,284,382,295
W04091LDSC00228_trim15.jpg,600,1024,cow,379,356,404,373
W04091LDSC00228_trim15.jpg,600,1024,cow,441,295,461,310
W04091LDSC00228_trim15.jpg,600,1024,cow,470,315,480,329
W04091LDSC00228_trim15.jpg,600,1024,cow,443,332,469,346
W04091LDSC00228_trim15.jpg,600,1024,cow,442,348,468,362
W04091LDSC00228_trim15.jpg,600,1024,cow,418,366,442,382
W04091LDSC00228_trim15.jpg,600,1024,cow,444,363,468,377
W04091LDSC00228_trim15.jpg,600,1024,cow,469,367,493,383
W04091LDSC00228_trim15.jpg,600,1024,cow,508,309,528,325
W04091LDSC00228_trim15.jpg,600,1024,cow,542,327,565,340
W04091LDSC00228_trim15.jpg,600,1024,cow,519,354,543,366
W04091LDSC00228_trim15.jpg,600,1024,cow,404,423,425,435
W04091LDSC00228_trim15.jpg,600,1024,cow,451,391,475,406
W04091LDSC00228_trim15.jpg,600,1024,cow,488,401,518,417
W04091LDSC00228_trim15.jpg,600,1024,cow,465,491,484,511
W04091LDSC00228_trim15.jpg,600,1024,cow,486,486,506,500
W04091LDSC00228_trim15.jpg,600,1024,cow,504,494,528,506
W04091LDSC00228_trim15.jpg,600,1024,cow,497,535,519,547
W04091LDSC00228_trim15.jpg,600,1024,cow,547,593,569,615
W04091LDSC00228_trim15.jpg,600,1024,cow,556,557,573,576
W04091LDSC00228_trim15.jpg,600,1024,cow,502,453,527,469
W04091LDSC00228_trim15.jpg,600,1024,cow,531,389,553,402
W04091LDSC00228_trim15.jpg,600,1024,cow,550,400,569,413
W04091LDSC00228_trim15.jpg,600,1024,cow,556,431,573,442
W04091LDSC00228_trim15.jpg,600,1024,cow,559,504,579,523
W04091LDSC00228_trim15.jpg,600,1024,cow,570,475,593,488
W04091LDSC00228_trim15.jpg,600,1024,cow,578,444,594,459
W04091LDSC00228_trim15.jpg,600,1024,cow,576,426,599,439
W04091LDSC00228_trim15.jpg,600,1024,cow,574,373,591,383
W04091LDSC00228_trim15.jpg,600,1024,cow,585,537,600,550
W04091LDSC00301_trim19.jpg,600,1024,kiang,573,714,582,733
W04091LDSC00301_trim20.jpg,600,1024,kiang,178,658,191,683
W04091LDSC00301_trim25.jpg,600,1024,kiang,196,257,207,279
W04091LDSC00301_trim25.jpg,600,1024,kiang,429,425,445,447
W04091LDSC00301_trim25.jpg,600,1024,kiang,560,229,573,248
W04091LDSC00534_trim1.jpg,600,1024,cow,424,3,440,17
W04091LDSC00534_trim1.jpg,600,1024,cow,235,20,253,34
W04091LDSC00534_trim1.jpg,600,1024,cow,272,22,282,33
W04091LDSC00534_trim1.jpg,600,1024,cow,350,106,364,121
W04091LDSC00534_trim1.jpg,600,1024,cow,414,125,429,137
W04091LDSC00534_trim1.jpg,600,1024,cow,552,107,567,118
W04091LDSC00534_trim1.jpg,600,1024,cow,566,155,572,167
W04091LDSC00534_trim1.jpg,600,1024,cow,570,147,578,163
W04091LDSC00534_trim1.jpg,600,1024,cow,575,96,588,113
W04091LDSC00534_trim7.jpg,600,1024,cow,49,274,61,291
W04091LDSC00534_trim7.jpg,600,1024,cow,44,173,53,189
W04091LDSC00534_trim7.jpg,600,1024,cow,87,92,99,107
W04091LDSC00534_trim7.jpg,600,1024,cow,6,46,21,59
W04091LDSC00534_trim7.jpg,600,1024,cow,49,10,61,27
W04091LDSC00673_trim15.jpg,600,1024,kiang,237,563,253,592
W04091LDSC00673_trim21.jpg,600,1024,kiang,314,842,333,853
W04091LDSC00673_trim21.jpg,600,1024,kiang,320,834,341,851
W04091LDSC00673_trim25.jpg,600,1024,kiang,564,847,581,865
W04091LDSC00673_trim25.jpg,600,1024,kiang,587,856,600,871
W04091LDSC00673_trim26.jpg,600,1024,kiang,272,264,288,282
W04091LDSC00673_trim26.jpg,600,1024,kiang,348,508,364,524
W04091LDSC00673_trim26.jpg,600,1024,kiang,562,21,579,33
W04091LDSC00673_trim3.jpg,600,1024,kiang,79,163,95,185
W04091LDSC00673_trim3.jpg,600,1024,kiang,68,171,85,187
W04091LDSC00673_trim3.jpg,600,1024,kiang,19,362,41,378
W04091LDSC00673_trim3.jpg,600,1024,kiang,233,416,250,431
W04091LDSC00673_trim3.jpg,600,1024,kiang,260,408,287,425
W04091LDSC00673_trim34.jpg,600,1024,kiang,39,658,65,678
W04091LDSC00673_trim34.jpg,600,1024,kiang,162,562,194,577
W04091LDSC00673_trim34.jpg,600,1024,kiang,270,540,284,568
W04091LDSC00673_trim4.jpg,600,1024,kiang,487,442,511,467
W04091LDSC00673_trim9.jpg,600,1024,kiang,1,225,15,251
W04091LDSC00673_trim9.jpg,600,1024,kiang,238,956,267,976
W04091LDSC00673_trim9.jpg,600,1024,kiang,216,799,244,813
W04091LDSC00673_trim9.jpg,600,1024,kiang,407,728,434,744
W04091LDSC00673_trim9.jpg,600,1024,kiang,463,688,489,703
W04091LDSC00677_trim10.jpg,600,1024,kiang,126,479,156,500
W04091LDSC00677_trim10.jpg,600,1024,kiang,385,66,406,86
W04091LDSC00677_trim15.jpg,600,1024,kiang,103,626,118,657
W04091LDSC00677_trim18.jpg,600,880,kiang,115,495,145,514
W04091LDSC00677_trim2.jpg,600,1024,kiang,557,854,583,876
W04091LDSC00677_trim27.jpg,600,1024,kiang,92,571,117,589
W04091LDSC00677_trim27.jpg,600,1024,kiang,368,625,390,643
W04091LDSC00677_trim27.jpg,600,1024,kiang,401,617,432,632
W04091LDSC00677_trim27.jpg,600,1024,kiang,85,338,108,356
W04091LDSC00677_trim27.jpg,600,1024,kiang,92,326,108,347
W04091LDSC00677_trim28.jpg,600,1024,kiang,141,155,168,176
W04091LDSC00677_trim28.jpg,600,1024,kiang,188,151,204,170
W04091LDSC00677_trim3.jpg,600,1024,kiang,582,518,600,544
W04091LDSC00677_trim3.jpg,600,1024,kiang,474,433,496,451
W04091LDSC00677_trim33.jpg,600,1024,kiang,134,380,146,398
W04091LDSC00677_trim33.jpg,600,1024,kiang,145,389,163,413
W04091LDSC00677_trim34.jpg,600,1024,kiang,405,820,424,847
W04091LDSC00677_trim34.jpg,600,1024,kiang,459,832,473,855
W04091LDSC00677_trim34.jpg,600,1024,kiang,462,581,500,596
W04091LDSC00677_trim34.jpg,600,1024,kiang,579,28,600,45
W04091LDSC00677_trim40.jpg,400,1024,kiang,114,589,127,610
W04091LDSC00677_trim40.jpg,400,1024,kiang,50,322,83,336
W04091LDSC00677_trim40.jpg,400,1024,kiang,62,214,90,232
W04091LDSC00677_trim6.jpg,600,880,kiang,471,741,488,760
W04091LDSC00677_trim9.jpg,600,1024,kiang,130,1008,146,1024
W04091LDSC00677_trim9.jpg,600,1024,kiang,329,629,352,644
W04091LDSC00677_trim9.jpg,600,1024,kiang,276,402,303,418
W04091LDSC00677_trim9.jpg,600,1024,kiang,260,346,280,366
W04091LDSC00677_trim9.jpg,600,1024,kiang,144,97,171,111
W04091LDSC00677_trim9.jpg,600,1024,kiang,165,103,183,114
W04091LDSC00747_trim13.jpg,600,1024,cow,498,836,528,860
W04091LDSC00747_trim13.jpg,600,1024,cow,521,872,550,899
W04091LDSC00747_trim13.jpg,600,1024,cow,562,873,584,895
W04091LDSC00747_trim13.jpg,600,1024,cow,532,852,557,881
W04091LDSC00747_trim13.jpg,600,1024,cow,539,839,565,870
W04091LDSC00747_trim13.jpg,600,1024,cow,560,847,587,879
W04091LDSC00747_trim13.jpg,600,1024,cow,578,843,599,861
W04091LDSC00747_trim13.jpg,600,1024,cow,582,859,597,884
W04091LDSC00757_trim33.jpg,600,1024,cow,310,240,338,261
W04091LDSC00757_trim33.jpg,600,1024,cow,296,267,328,286
W04091LDSC00757_trim33.jpg,600,1024,cow,285,300,319,325
W04091LDSC00757_trim33.jpg,600,1024,cow,355,243,388,261
W04091LDSC00757_trim33.jpg,600,1024,cow,355,261,387,274
W04091LDSC00757_trim33.jpg,600,1024,cow,350,274,377,290
W04091LDSC00757_trim33.jpg,600,1024,cow,369,285,397,298
W04091LDSC00757_trim33.jpg,600,1024,cow,359,297,391,313
W04091LDSC00757_trim33.jpg,600,1024,cow,338,315,367,341
W04091LDSC00757_trim33.jpg,600,1024,cow,357,333,383,364
W04091LDSC00896_trim14.jpg,600,1024,cow,443,436,466,464
W04091LDSC00896_trim15.jpg,600,1024,cow,197,136,237,162
W04091LDSC00896_trim15.jpg,600,1024,cow,347,86,385,110
W04091LDSC00896_trim15.jpg,600,1024,cow,445,278,485,299
W04091LDSC00896_trim15.jpg,600,1024,cow,537,270,568,285
W04091LDSC00896_trim15.jpg,600,1024,cow,521,301,550,317
W04091LDSC00896_trim15.jpg,600,1024,cow,503,351,539,371
W04091LDSC00896_trim15.jpg,600,1024,cow,566,371,600,391
W04091LDSC00896_trim15.jpg,600,1024,cow,528,380,559,397
W04091LDSC00896_trim15.jpg,600,1024,cow,494,392,534,412
W04091LDSC00896_trim15.jpg,600,1024,cow,583,449,600,467
W04091LDSC00896_trim20.jpg,600,1024,cow,124,608,140,642
W04091LDSC00896_trim22.jpg,600,1024,cow,547,974,588,1017
W04091LDSC00896_trim22.jpg,600,1024,cow,449,1002,477,1024
W04091LDSC00896_trim22.jpg,600,1024,cow,478,984,492,1003
W04091LDSC00896_trim22.jpg,600,1024,cow,445,969,469,998
W04091LDSC00896_trim22.jpg,600,1024,cow,420,941,451,961
W04091LDSC00896_trim22.jpg,600,1024,cow,395,918,427,947
W04091LDSC00896_trim22.jpg,600,1024,cow,298,872,332,893
W04091LDSC00896_trim22.jpg,600,1024,cow,369,866,404,892
W04091LDSC00896_trim22.jpg,600,1024,cow,408,865,446,890
W04091LDSC00896_trim22.jpg,600,1024,cow,369,811,407,832
W04091LDSC00896_trim22.jpg,600,1024,cow,332,795,371,814
W04091LDSC00896_trim22.jpg,600,1024,cow,409,776,442,795
W04091LDSC00896_trim22.jpg,600,1024,cow,328,766,360,784
W04091LDSC00896_trim22.jpg,600,1024,cow,363,721,401,739
W04091LDSC00896_trim22.jpg,600,1024,cow,273,716,319,736
W04091LDSC00896_trim22.jpg,600,1024,cow,329,695,358,713
W04091LDSC00896_trim22.jpg,600,1024,cow,225,666,271,681
W04091LDSC00896_trim22.jpg,600,1024,cow,281,644,319,665
W04091LDSC00896_trim22.jpg,600,1024,cow,373,604,412,623
W04091LDSC00896_trim22.jpg,600,1024,cow,372,629,410,649
W04091LDSC00896_trim22.jpg,600,1024,cow,409,631,438,654
W04091LDSC00896_trim22.jpg,600,1024,cow,440,665,475,696
W04091LDSC00896_trim22.jpg,600,1024,cow,358,581,395,599
W04091LDSC00896_trim22.jpg,600,1024,cow,320,556,361,575
W04091LDSC00896_trim22.jpg,600,1024,cow,411,553,442,567
W04091LDSC00896_trim22.jpg,600,1024,cow,377,538,417,555
W04091LDSC00896_trim22.jpg,600,1024,cow,375,521,414,536
W04091LDSC00896_trim22.jpg,600,1024,cow,409,512,437,529
W04091LDSC00896_trim22.jpg,600,1024,cow,312,487,366,510
W04091LDSC00896_trim22.jpg,600,1024,cow,394,499,426,514
W04091LDSC00896_trim22.jpg,600,1024,cow,269,443,305,457
W04091LDSC00896_trim22.jpg,600,1024,cow,148,423,192,443
W04091LDSC00896_trim22.jpg,600,1024,cow,264,295,300,311
W04091LDSC00896_trim22.jpg,600,1024,cow,314,288,349,306
W04091LDSC00896_trim22.jpg,600,1024,cow,300,316,337,332
W04091LDSC00896_trim22.jpg,600,1024,cow,344,383,382,399
W04091LDSC00896_trim22.jpg,600,1024,cow,363,338,396,355
W04091LDSC00896_trim22.jpg,600,1024,cow,375,283,412,300
W04091LDSC00896_trim22.jpg,600,1024,cow,415,247,455,266
W04091LDSC00896_trim22.jpg,600,1024,cow,455,242,486,259
W04091LDSC00896_trim22.jpg,600,1024,cow,409,344,440,361
W04091LDSC00896_trim22.jpg,600,1024,cow,432,360,442,379
W04091LDSC00896_trim22.jpg,600,1024,cow,506,249,536,275
W04091LDSC00896_trim22.jpg,600,1024,cow,563,250,592,265
W04091LDSC00896_trim22.jpg,600,1024,cow,579,268,600,286
W04091LDSC00896_trim22.jpg,600,1024,cow,520,342,551,362
W04091LDSC00896_trim22.jpg,600,1024,cow,432,394,461,407
W04091LDSC00896_trim22.jpg,600,1024,cow,533,382,558,404
W04091LDSC00896_trim22.jpg,600,1024,cow,397,425,430,441
W04091LDSC00896_trim22.jpg,600,1024,cow,372,439,409,452
W04091LDSC00896_trim22.jpg,600,1024,cow,350,451,388,466
W04091LDSC00896_trim22.jpg,600,1024,cow,450,439,486,456
W04091LDSC00896_trim22.jpg,600,1024,cow,370,131,397,142
W04091LDSC00896_trim22.jpg,600,1024,cow,479,98,506,112
W04091LDSC00896_trim22.jpg,600,1024,cow,393,174,430,189
W04091LDSC00896_trim22.jpg,600,1024,cow,431,156,463,172
W04091LDSC00896_trim22.jpg,600,1024,cow,534,3,557,23
W04091LDSC00896_trim22.jpg,600,1024,cow,549,128,582,143
W04091LDSC00896_trim22.jpg,600,1024,cow,502,169,540,187
W04091LDSC00896_trim22.jpg,600,1024,cow,502,206,524,218
W04091LDSC00896_trim22.jpg,600,1024,cow,525,189,550,201
W04091LDSC00896_trim22.jpg,600,1024,cow,516,199,550,214
W04091LDSC00896_trim22.jpg,600,1024,cow,520,149,549,161
W04091LDSC00896_trim22.jpg,600,1024,cow,525,131,549,148
W04091LDSC00896_trim23.jpg,600,1024,cow,489,27,507,61
W04091LDSC00896_trim23.jpg,600,1024,cow,533,81,558,131
W04091LDSC00896_trim23.jpg,600,1024,cow,546,212,582,244
W04091LDSC00896_trim23.jpg,600,1024,cow,449,290,483,324
W04091LDSC00896_trim23.jpg,600,1024,cow,532,246,572,266
W04091LDSC00896_trim23.jpg,600,1024,cow,582,257,599,295
W04091LDSC00896_trim23.jpg,600,1024,cow,543,296,558,323
W04091LDSC00896_trim23.jpg,600,1024,cow,585,360,600,394
W04091LDSC00896_trim23.jpg,600,1024,cow,424,396,462,422
W04091LDSC00896_trim23.jpg,600,1024,cow,479,449,514,481
W04091LDSC00896_trim23.jpg,600,1024,cow,448,513,491,534
W04091LDSC00896_trim23.jpg,600,1024,cow,493,573,539,595
W04091LDSC00896_trim27.jpg,600,1024,cow,41,983,55,1011
W04091LDSC00896_trim27.jpg,600,1024,cow,82,651,97,682
W04091LDSC00896_trim27.jpg,600,1024,cow,100,952,114,983
W04091LDSC00896_trim27.jpg,600,1024,cow,56,929,83,959
W04091LDSC00896_trim27.jpg,600,1024,cow,77,908,89,932
W04091LDSC00896_trim27.jpg,600,1024,cow,81,862,106,878
W04091LDSC00896_trim27.jpg,600,1024,cow,165,854,191,879
W04091LDSC00896_trim27.jpg,600,1024,cow,125,828,156,842
W04091LDSC00896_trim28.jpg,600,1024,cow,18,16,39,47
W04091LDSC00896_trim28.jpg,600,1024,cow,48,57,79,76
W04091LDSC00896_trim28.jpg,600,1024,cow,147,21,179,40
W04091LDSC00896_trim28.jpg,600,1024,cow,72,87,100,115
W04091LDSC00896_trim28.jpg,600,1024,cow,142,96,172,120
W04091LDSC00896_trim28.jpg,600,1024,cow,16,202,31,236
W04091LDSC00896_trim28.jpg,600,1024,cow,1,305,27,323
W04091LDSC00896_trim28.jpg,600,1024,cow,1,55,21,77
W04091LDSC00896_trim30.jpg,600,880,cow,423,457,458,484
W04091LDSC00896_trim30.jpg,600,880,cow,516,288,550,326
W04091LDSC00896_trim30.jpg,600,880,cow,508,104,527,149
W04091LDSC00896_trim30.jpg,600,880,cow,412,41,448,65
W04091LDSC00896_trim30.jpg,600,880,cow,314,1,341,29
W04091LDSC00896_trim36.jpg,600,880,cow,454,849,491,880
W04091LDSC00896_trim36.jpg,600,880,cow,13,440,52,478
W04091LDSC00896_trim36.jpg,600,880,cow,338,474,365,530
W04091LDSC00896_trim36.jpg,600,880,cow,114,287,137,329
W04091LDSC00896_trim36.jpg,600,880,cow,134,46,173,75
W04091LDSC00896_trim36.jpg,600,880,cow,1,160,27,202
W04091LDSC00896_trim36.jpg,600,880,cow,44,175,69,224
W04091LDSC00896_trim36.jpg,600,880,cow,69,190,91,245
W04091LDSC00896_trim36.jpg,600,880,cow,404,282,434,338
W04091LDSC00896_trim36.jpg,600,880,cow,369,291,394,351
W04091LDSC00896_trim36.jpg,600,880,cow,279,330,302,381
W04091LDSC00896_trim36.jpg,600,880,cow,246,413,292,444
W04091LDSC00896_trim36.jpg,600,880,cow,352,386,396,407
W04091LDSC00896_trim36.jpg,600,880,cow,395,414,415,466
W04091LDSC00896_trim36.jpg,600,880,cow,498,403,525,451
W04091LDSC00955_trim21.jpg,600,1024,cow,6,920,25,946
W04091LDSC00955_trim21.jpg,600,1024,cow,77,805,91,837
W04091LDSC00955_trim21.jpg,600,1024,cow,34,827,64,845
W04091LDSC00955_trim21.jpg,600,1024,cow,91,842,106,872
W04091LDSC00955_trim21.jpg,600,1024,cow,40,895,59,916
W04091LDSC00955_trim21.jpg,600,1024,cow,80,934,101,954
W04091LDSC00955_trim21.jpg,600,1024,cow,97,913,109,942
W04091LDSC00955_trim21.jpg,600,1024,cow,123,862,143,889
W04091LDSC00955_trim21.jpg,600,1024,cow,132,886,152,911
W04091LDSC00955_trim21.jpg,600,1024,cow,2,886,20,911
W04091LDSC00964_trim13.jpg,600,1024,cow,169,1008,199,1021
W04091LDSC00964_trim13.jpg,600,1024,cow,553,156,562,175
W04091LDSC00964_trim14.jpg,600,1024,cow,471,31,484,50
W04091LDSC00964_trim19.jpg,600,1024,cow,52,20,63,38
W04091LDSC00964_trim19.jpg,600,1024,cow,94,155,112,171
W04091LDSC00964_trim19.jpg,600,1024,cow,160,91,177,108
W04091LDSC00964_trim19.jpg,600,1024,cow,190,118,203,139
W04091LDSC00964_trim19.jpg,600,1024,cow,237,159,257,176
W04091LDSC00964_trim31.jpg,600,1024,cow,383,216,406,234
W04091LDSC00964_trim37.jpg,400,1024,cow,161,423,181,439
W04091LDSC00964_trim37.jpg,400,1024,cow,183,435,199,454
W04091LDSC00968_trim19.jpg,600,1024,cow,112,871,135,891
W04091LDSC00968_trim19.jpg,600,1024,cow,223,557,233,575
W04091LDSC00968_trim19.jpg,600,1024,cow,295,525,307,546
W04091LDSC00968_trim19.jpg,600,1024,cow,404,423,415,443
W04091LDSC00968_trim19.jpg,600,1024,cow,556,384,581,400
W04091LDSC00968_trim23.jpg,600,1024,cow,11,207,32,245
W04091LDSC00968_trim25.jpg,600,1024,cow,246,184,256,204
W04091LDSC00968_trim25.jpg,600,1024,cow,378,251,394,274
W04091LDSC00968_trim25.jpg,600,1024,cow,404,261,416,280
W04091LDSC00968_trim25.jpg,600,1024,cow,500,239,510,260
W04091LDSC00968_trim38.jpg,400,1024,cow,273,818,294,845
W04091LDSC01065_trim1.jpg,1024,600,cow,77,422,91,446
W04091LDSC01065_trim1.jpg,1024,600,cow,73,497,90,509
W04091LDSC01065_trim1.jpg,1024,600,cow,164,476,183,495
W04091LDSC01065_trim1.jpg,1024,600,cow,182,577,196,598
W04091LDSC01065_trim11.jpg,1024,600,cow,204,307,219,334
W04091LDSC01065_trim11.jpg,1024,600,cow,71,132,88,149
W04091LDSC01065_trim11.jpg,1024,600,cow,125,75,138,99
W04091LDSC01065_trim12.jpg,1024,600,cow,586,314,604,341
W04091LDSC01065_trim13.jpg,1024,600,cow,371,69,388,85
W04091LDSC01065_trim13.jpg,1024,600,cow,411,136,433,152
W04091LDSC01065_trim13.jpg,1024,600,cow,733,130,753,149
W04091LDSC01065_trim13.jpg,1024,600,cow,763,96,783,109
W04091LDSC01065_trim13.jpg,1024,600,cow,737,544,768,564
W04091LDSC01065_trim13.jpg,1024,600,cow,911,434,930,465
W04091LDSC01065_trim14.jpg,1024,400,cow,23,3,38,25
W04091LDSC01065_trim14.jpg,1024,400,cow,47,99,64,121
W04091LDSC01065_trim14.jpg,1024,400,cow,46,163,59,189
W04091LDSC01065_trim14.jpg,1024,400,cow,86,226,106,247
W04091LDSC01065_trim14.jpg,1024,400,cow,83,340,99,368
W04091LDSC01065_trim14.jpg,1024,400,cow,394,48,409,79
W04091LDSC01065_trim14.jpg,1024,400,cow,328,154,345,183
W04091LDSC01065_trim14.jpg,1024,400,cow,298,312,318,338
W04091LDSC01065_trim14.jpg,1024,400,cow,248,361,269,381
W04091LDSC01065_trim14.jpg,1024,400,cow,651,32,673,45
W04091LDSC01065_trim2.jpg,1024,600,cow,126,459,138,480
W04091LDSC01065_trim2.jpg,1024,600,cow,109,438,119,455
W04091LDSC01065_trim2.jpg,1024,600,cow,98,351,115,363
W04091LDSC01065_trim2.jpg,1024,600,cow,70,329,88,342
W04091LDSC01065_trim2.jpg,1024,600,cow,273,287,289,305
W04091LDSC01065_trim2.jpg,1024,600,cow,90,270,106,278
W04091LDSC01065_trim2.jpg,1024,600,cow,142,217,154,230
W04091LDSC01065_trim2.jpg,1024,600,cow,73,163,89,179
W04091LDSC01065_trim2.jpg,1024,600,cow,157,112,173,131
W04091LDSC01065_trim2.jpg,1024,600,cow,56,40,68,58
W04091LDSC01065_trim2.jpg,1024,600,cow,127,19,138,35
W04091LDSC01065_trim2.jpg,1024,600,cow,317,301,334,319
W04091LDSC01065_trim2.jpg,1024,600,cow,382,305,402,320
W04091LDSC01065_trim2.jpg,1024,600,cow,549,99,565,121
W04091LDSC01065_trim2.jpg,1024,600,cow,571,270,587,290
W04091LDSC01065_trim2.jpg,1024,600,cow,814,487,836,499
W04091LDSC01065_trim2.jpg,1024,600,cow,983,470,1004,484
W04091LDSC01065_trim20.jpg,1024,600,cow,323,363,346,389
W04091LDSC01065_trim21.jpg,1024,400,cow,158,183,176,209
W04091LDSC01065_trim3.jpg,1024,600,cow,531,54,545,67
W04091LDSC01065_trim3.jpg,1024,600,cow,731,45,753,65
W04091LDSC01065_trim3.jpg,1024,600,cow,824,62,844,73
W04091LDSC01065_trim3.jpg,1024,600,cow,938,5,952,32
W04091LDSC01065_trim3.jpg,1024,600,cow,625,325,639,345
W04091LDSC01065_trim3.jpg,1024,600,cow,760,224,775,245
W04091LDSC01065_trim3.jpg,1024,600,cow,893,182,913,194
W04091LDSC01065_trim3.jpg,1024,600,cow,862,343,881,354
W04091LDSC01065_trim3.jpg,1024,600,cow,849,381,867,405
W04091LDSC01065_trim3.jpg,1024,600,cow,810,395,832,410
W04091LDSC01065_trim3.jpg,1024,600,cow,916,465,934,474
W04091LDSC01065_trim3.jpg,1024,600,cow,973,378,985,398
W04091LDSC01065_trim3.jpg,1024,600,cow,955,538,970,559
W04091LDSC01065_trim4.jpg,1024,600,cow,982,182,999,198
W04091LDSC01065_trim6.jpg,1024,600,cow,834,545,848,565
W04091LDSC01067_trim10.jpg,600,1024,cow,1,747,29,780
W04091LDSC01067_trim14.jpg,600,1024,cow,102,9,127,29
W04091LDSC01067_trim14.jpg,600,1024,cow,240,20,260,39
W04091LDSC01067_trim14.jpg,600,1024,cow,101,193,122,210
W04091LDSC01067_trim14.jpg,600,1024,cow,158,246,184,268
W04091LDSC01067_trim14.jpg,600,1024,cow,336,292,364,309
W04091LDSC01067_trim14.jpg,600,1024,cow,464,372,489,388
W04091LDSC01067_trim14.jpg,600,1024,cow,520,660,533,681
W04091LDSC01067_trim15.jpg,600,1024,cow,18,286,49,300
W04091LDSC01067_trim15.jpg,600,1024,cow,382,213,410,232
W04091LDSC01067_trim18.jpg,600,880,cow,147,676,184,705
W04091LDSC01067_trim20.jpg,600,1024,cow,13,769,40,794
W04091LDSC01067_trim20.jpg,600,1024,cow,153,963,179,984
W04091LDSC01067_trim20.jpg,600,1024,cow,479,789,499,807
W04091LDSC01067_trim20.jpg,600,1024,cow,526,823,539,848
W04091LDSC01067_trim20.jpg,600,1024,cow,445,433,463,456
W04091LDSC01067_trim20.jpg,600,1024,cow,512,394,531,410
W04091LDSC01067_trim32.jpg,600,1024,cow,333,289,360,303
W04091LDSC01067_trim32.jpg,600,1024,cow,524,155,540,174
W04091LDSC01067_trim32.jpg,600,1024,cow,457,26,473,47
W04091LDSC01067_trim37.jpg,400,1024,cow,212,1007,227,1024
W04091LDSC01067_trim37.jpg,400,1024,cow,332,692,352,708
W04091LDSC01067_trim37.jpg,400,1024,cow,276,896,291,917
W04091LDSC01067_trim37.jpg,400,1024,cow,281,941,310,957
W04091LDSC01067_trim37.jpg,400,1024,cow,342,957,353,977
W04091LDSC01067_trim4.jpg,600,1024,cow,284,715,305,744
W04091LDSC01067_trim4.jpg,600,1024,cow,384,759,400,774
W04091LDSC01067_trim4.jpg,600,1024,cow,199,820,222,851
W04091LDSC01067_trim4.jpg,600,1024,cow,280,951,301,977
W04091LDSC01067_trim4.jpg,600,1024,cow,231,966,252,994
W04091LDSC01067_trim6.jpg,600,880,cow,480,239,509,253
W04091LDSC01067_trim6.jpg,600,880,cow,371,280,400,294
W04091LDSC01067_trim6.jpg,600,880,cow,446,274,464,305
W04091LDSC01214_trim15.jpg,600,1024,kiang,555,175,600,205
W04091LDSC01214_trim15.jpg,600,1024,kiang,545,286,600,320
W04091LDSC01214_trim15.jpg,600,1024,kiang,443,329,502,379
W04091LDSC01214_trim21.jpg,600,1024,kiang,136,230,190,268
W04091LDSC01214_trim21.jpg,600,1024,kiang,158,258,219,299
W04091LDSC01229_trim14.jpg,600,1024,kiang,179,503,199,554
W04091RPSC00012_trim1.jpg,600,1024,cow,384,967,403,990
W04091RPSC00012_trim1.jpg,600,1024,cow,474,962,498,983
W04091RPSC00012_trim1.jpg,600,1024,cow,513,1007,541,1024
W04091RPSC00012_trim14.jpg,600,1024,cow,311,756,333,773
W04091RPSC00012_trim14.jpg,600,1024,cow,128,287,148,303
W04091RPSC00012_trim14.jpg,600,1024,cow,177,367,202,385
W04091RPSC00012_trim14.jpg,600,1024,cow,338,442,360,461
W04091RPSC00012_trim19.jpg,600,1024,cow,590,903,600,926
W04091RPSC00012_trim19.jpg,600,1024,cow,503,871,518,895
W04091RPSC00012_trim19.jpg,600,1024,cow,551,634,570,648
W04091RPSC00012_trim19.jpg,600,1024,cow,262,555,280,568
W04091RPSC00012_trim19.jpg,600,1024,cow,438,518,459,535
W04091RPSC00012_trim19.jpg,600,1024,cow,304,474,326,487
W04091RPSC00012_trim19.jpg,600,1024,cow,456,427,476,442
W04091RPSC00012_trim19.jpg,600,1024,cow,375,373,388,394
W04091RPSC00012_trim2.jpg,600,1024,cow,314,15,326,41
W04091RPSC00012_trim2.jpg,600,1024,cow,451,83,468,108
W04091RPSC00012_trim2.jpg,600,1024,cow,440,1,452,15
W04091RPSC00012_trim20.jpg,600,1024,cow,248,79,269,90
W04091RPSC00012_trim20.jpg,600,1024,cow,230,400,242,428
W04091RPSC00012_trim20.jpg,600,1024,cow,172,412,189,433
W04091RPSC00012_trim20.jpg,600,1024,cow,327,909,346,933
W04091RPSC00012_trim20.jpg,600,1024,cow,353,972,365,998
W04091RPSC00012_trim20.jpg,600,1024,cow,571,617,589,640
W04091RPSC00012_trim20.jpg,600,1024,cow,577,767,600,782
W04091RPSC00012_trim22.jpg,600,1024,cow,268,915,287,945
W04091RPSC00012_trim25.jpg,600,1024,cow,32,889,51,907
W04091RPSC00012_trim25.jpg,600,1024,cow,19,563,38,577
W04091RPSC00012_trim25.jpg,600,1024,cow,472,338,490,351
W04091RPSC00012_trim25.jpg,600,1024,cow,534,168,544,184
W04091RPSC00012_trim25.jpg,600,1024,cow,285,38,303,50
W04091RPSC00012_trim25.jpg,600,1024,cow,289,248,304,259
W04091RPSC00012_trim26.jpg,600,1024,cow,431,989,455,1001
W04091RPSC00012_trim26.jpg,600,1024,cow,190,790,209,811
W04091RPSC00012_trim26.jpg,600,1024,cow,175,759,198,773
W04091RPSC00012_trim26.jpg,600,1024,cow,401,703,416,723
W04091RPSC00012_trim26.jpg,600,1024,cow,191,364,209,378
W04091RPSC00012_trim26.jpg,600,1024,cow,290,306,302,325
W04091RPSC00012_trim26.jpg,600,1024,cow,188,248,210,263
W04091RPSC00012_trim26.jpg,600,1024,cow,155,240,173,256
W04091RPSC00012_trim26.jpg,600,1024,cow,141,212,160,226
W04091RPSC00012_trim26.jpg,600,1024,cow,341,175,354,197
W04091RPSC00012_trim26.jpg,600,1024,cow,290,174,301,193
W04091RPSC00012_trim26.jpg,600,1024,cow,585,140,599,159
W04091RPSC00012_trim26.jpg,600,1024,cow,554,429,580,443
W04091RPSC00012_trim26.jpg,600,1024,cow,55,374,74,393
W04091RPSC00012_trim26.jpg,600,1024,cow,484,110,499,133
W04091RPSC00012_trim27.jpg,600,1024,cow,20,956,45,973
W04091RPSC00012_trim27.jpg,600,1024,cow,10,886,30,919
W04091RPSC00012_trim27.jpg,600,1024,cow,253,298,273,318
W04091RPSC00012_trim27.jpg,600,1024,cow,367,353,383,380
W04091RPSC00012_trim27.jpg,600,1024,cow,421,108,447,123
W04091RPSC00012_trim28.jpg,600,1024,cow,217,292,232,316
W04091RPSC00012_trim28.jpg,600,1024,cow,305,305,322,329
W04091RPSC00012_trim31.jpg,600,1024,cow,548,838,572,850
W04091RPSC00012_trim31.jpg,600,1024,cow,63,552,76,568
W04091RPSC00012_trim31.jpg,600,1024,cow,127,389,145,407
W04091RPSC00012_trim31.jpg,600,1024,cow,514,365,532,378
W04091RPSC00012_trim31.jpg,600,1024,cow,371,162,388,175
W04091RPSC00012_trim33.jpg,600,1024,cow,112,934,136,953
W04091RPSC00012_trim33.jpg,600,1024,cow,251,821,266,846
W04091RPSC00012_trim33.jpg,600,1024,cow,34,665,54,682
W04091RPSC00012_trim33.jpg,600,1024,cow,245,602,261,631
W04091RPSC00012_trim34.jpg,600,1024,cow,427,166,441,192
W04091RPSC00012_trim35.jpg,600,1024,cow,388,921,408,953
W04091RPSC00012_trim37.jpg,400,1024,cow,181,612,197,628
W04091RPSC00012_trim37.jpg,400,1024,cow,1,511,13,526
W04091RPSC00012_trim37.jpg,400,1024,cow,53,98,69,113
W04091RPSC00012_trim39.jpg,400,1024,cow,106,991,132,1006
W04091RPSC00012_trim39.jpg,400,1024,cow,133,910,150,934
W04091RPSC00012_trim39.jpg,400,1024,cow,184,953,199,974
W04091RPSC00012_trim39.jpg,400,1024,cow,202,925,224,945
W04091RPSC00012_trim39.jpg,400,1024,cow,224,836,249,850
W04091RPSC00012_trim39.jpg,400,1024,cow,218,790,246,801
W04091RPSC00012_trim39.jpg,400,1024,cow,247,996,264,1013
W04091RPSC00012_trim8.jpg,600,1024,cow,534,449,560,464
W04091RPSC00014_trim10.jpg,600,1024,cow,365,127,389,141
W04091RPSC00014_trim10.jpg,600,1024,cow,486,237,505,262
W04091RPSC00014_trim10.jpg,600,1024,cow,556,418,570,452
W04091RPSC00014_trim10.jpg,600,1024,cow,548,494,573,512
W04091RPSC00014_trim13.jpg,600,1024,cow,305,951,325,963
W04091RPSC00014_trim13.jpg,600,1024,cow,360,855,369,872
W04091RPSC00014_trim13.jpg,600,1024,cow,480,902,498,914
W04091RPSC00014_trim13.jpg,600,1024,cow,436,983,457,996
W04091RPSC00014_trim15.jpg,600,1024,cow,507,881,525,908
W04091RPSC00014_trim15.jpg,600,1024,cow,385,823,410,841
W04091RPSC00014_trim15.jpg,600,1024,cow,35,716,51,742
W04091RPSC00014_trim15.jpg,600,1024,cow,215,235,240,251
W04091RPSC00014_trim15.jpg,600,1024,cow,247,81,264,104
W04091RPSC00014_trim15.jpg,600,1024,cow,445,229,468,243
W04091RPSC00014_trim15.jpg,600,1024,cow,458,258,472,282
W04091RPSC00014_trim16.jpg,600,1024,cow,89,893,102,916
W04091RPSC00014_trim16.jpg,600,1024,cow,188,905,208,937
W04091RPSC00014_trim2.jpg,600,1024,cow,572,930,593,952
W04091RPSC00014_trim2.jpg,600,1024,cow,160,936,184,950
W04091RPSC00014_trim2.jpg,600,1024,cow,418,860,440,877
W04091RPSC00014_trim2.jpg,600,1024,cow,393,777,411,794
W04091RPSC00014_trim22.jpg,600,1024,cow,524,758,537,788
W04091RPSC00014_trim22.jpg,600,1024,cow,176,499,203,514
W04091RPSC00014_trim22.jpg,600,1024,cow,374,377,386,406
W04091RPSC00014_trim22.jpg,600,1024,cow,151,198,166,217
W04091RPSC00014_trim22.jpg,600,1024,cow,421,136,436,167
W04091RPSC00014_trim24.jpg,600,880,cow,53,767,71,805
W04091RPSC00014_trim25.jpg,600,1024,cow,102,1004,114,1023
W04091RPSC00014_trim25.jpg,600,1024,cow,203,846,221,863
W04091RPSC00014_trim25.jpg,600,1024,cow,23,633,33,647
W04091RPSC00014_trim25.jpg,600,1024,cow,527,618,545,629
W04091RPSC00014_trim25.jpg,600,1024,cow,44,312,58,322
W04091RPSC00014_trim27.jpg,600,1024,cow,51,31,74,45
W04091RPSC00014_trim27.jpg,600,1024,cow,154,245,169,268
W04091RPSC00014_trim28.jpg,600,1024,cow,514,906,531,936
W04091RPSC00014_trim28.jpg,600,1024,cow,449,748,463,772
W04091RPSC00014_trim28.jpg,600,1024,cow,340,667,358,694
W04091RPSC00014_trim28.jpg,600,1024,cow,307,579,335,593
W04091RPSC00014_trim28.jpg,600,1024,cow,364,492,377,516
W04091RPSC00014_trim28.jpg,600,1024,cow,415,536,428,560
W04091RPSC00014_trim28.jpg,600,1024,cow,446,509,472,527
W04091RPSC00014_trim28.jpg,600,1024,cow,488,584,505,604
W04091RPSC00014_trim28.jpg,600,1024,cow,512,617,528,643
W04091RPSC00014_trim28.jpg,600,1024,cow,533,361,556,390
W04091RPSC00014_trim28.jpg,600,1024,cow,501,404,526,420
W04091RPSC00014_trim3.jpg,600,1024,cow,452,226,476,246
W04091RPSC00014_trim31.jpg,600,1024,cow,147,951,165,963
W04091RPSC00014_trim31.jpg,600,1024,cow,59,813,76,825
W04091RPSC00014_trim31.jpg,600,1024,cow,266,550,285,563
W04091RPSC00014_trim32.jpg,600,1024,cow,3,261,26,275
W04091RPSC00014_trim32.jpg,600,1024,cow,317,33,333,45
W04091RPSC00014_trim34.jpg,600,1024,cow,276,937,291,957
W04091RPSC00014_trim34.jpg,600,1024,cow,99,702,114,728
W04091RPSC00014_trim34.jpg,600,1024,cow,364,740,389,766
W04091RPSC00014_trim34.jpg,600,1024,cow,275,496,301,509
W04091RPSC00014_trim34.jpg,600,1024,cow,366,390,384,413
W04091RPSC00014_trim35.jpg,600,1024,cow,419,134,436,161
W04091RPSC00014_trim35.jpg,600,1024,cow,162,325,190,345
W04091RPSC00014_trim35.jpg,600,1024,cow,313,453,331,478
W04091RPSC00014_trim35.jpg,600,1024,cow,433,527,450,549
W04091RPSC00014_trim36.jpg,600,880,cow,140,299,162,317
W04091RPSC00014_trim37.jpg,400,1024,cow,54,747,71,764
W04091RPSC00014_trim37.jpg,400,1024,cow,225,827,240,840
W04091RPSC00014_trim37.jpg,400,1024,cow,102,888,122,899
W04091RPSC00014_trim38.jpg,400,1024,cow,266,576,286,593
W04091RPSC00014_trim38.jpg,400,1024,cow,49,334,64,355
W04091RPSC00014_trim38.jpg,400,1024,cow,206,240,226,254
W04091RPSC00014_trim38.jpg,400,1024,cow,196,19,214,33
W04091RPSC00014_trim41.jpg,400,1024,cow,186,605,211,631
W04091RPSC00014_trim5.jpg,600,1024,cow,509,507,529,538
W04091RPSC00014_trim9.jpg,600,1024,cow,221,995,250,1011
W04091RPSC00014_trim9.jpg,600,1024,cow,236,846,262,862
W04091RPSC00014_trim9.jpg,600,1024,cow,360,950,376,979
W04091RPSC00014_trim9.jpg,600,1024,cow,453,936,473,957
W04091RPSC00014_trim9.jpg,600,1024,cow,394,652,422,665
W04091RPSC00014_trim9.jpg,600,1024,cow,389,501,409,519
W04091RPSC00014_trim9.jpg,600,1024,cow,491,384,512,407
W04091RPSC00014_trim9.jpg,600,1024,cow,503,450,521,475
W04091RPSC00021_trim1.jpg,600,1024,cow,179,887,206,909
W04091RPSC00021_trim1.jpg,600,1024,cow,231,725,250,745
W04091RPSC00021_trim11.jpg,600,1024,cow,230,304,250,346
W04091RPSC00021_trim11.jpg,600,1024,cow,552,913,583,952
W04091RPSC00021_trim15.jpg,600,1024,cow,107,564,128,598
W04091RPSC00021_trim16.jpg,600,1024,cow,519,558,546,580
W04091RPSC00021_trim16.jpg,600,1024,cow,1,314,33,330
W04091RPSC00021_trim22.jpg,600,1024,cow,254,786,287,813
W04091RPSC00021_trim22.jpg,600,1024,cow,126,620,164,648
W04091RPSC00021_trim30.jpg,600,880,cow,118,411,148,432
W04091RPSC00021_trim30.jpg,600,880,cow,238,789,282,815
W04091RPSC00021_trim8.jpg,600,1024,cow,349,119,366,145
W04091RPSC00021_trim8.jpg,600,1024,cow,374,724,386,743
W04091RPSC00021_trim8.jpg,600,1024,cow,554,605,567,633
W04091RPSC00021_trim8.jpg,600,1024,cow,541,833,566,852
W04091RPSC00021_trim8.jpg,600,1024,cow,529,872,542,898
W04091RPSC00021_trim9.jpg,600,1024,cow,74,814,108,828
W04091RPSC00021_trim9.jpg,600,1024,cow,152,524,172,542
W04091RPSC00235_trim23.jpg,600,1024,cow,1,424,23,441
W04091RPSC00235_trim23.jpg,600,1024,cow,1,366,21,380
W04091RPSC00235_trim28.jpg,600,1024,cow,490,818,513,837
W04091RPSC00235_trim28.jpg,600,1024,cow,532,694,555,720
W04091RPSC00235_trim28.jpg,600,1024,cow,558,687,570,712
W04091RPSC00365_trim19.jpg,600,1024,cow,92,1006,116,1023
W04091RPSC00365_trim19.jpg,600,1024,cow,385,968,404,990
W04091RPSC00365_trim19.jpg,600,1024,cow,133,540,157,557
W04091RPSC00365_trim19.jpg,600,1024,cow,13,497,38,513
W04091RPSC00365_trim19.jpg,600,1024,cow,262,155,274,181
W04091RPSC00365_trim19.jpg,600,1024,cow,496,102,505,119
W04091RPSC00365_trim20.jpg,600,1024,cow,379,84,391,106
W04091RPSC00365_trim20.jpg,600,1024,cow,415,47,439,63
W04091RPSC00365_trim20.jpg,600,1024,cow,426,107,442,126
W04091RPSC00365_trim20.jpg,600,1024,cow,460,89,471,112
W04091RPSC00365_trim20.jpg,600,1024,cow,491,101,510,119
W04091RPSC00365_trim20.jpg,600,1024,cow,491,137,513,153
W04091RPSC00365_trim20.jpg,600,1024,cow,552,100,566,119
W04091RPSC00365_trim20.jpg,600,1024,cow,511,1,533,15
W04091RPSC00365_trim25.jpg,600,1024,cow,149,995,166,1012
W04091RPSC00365_trim25.jpg,600,1024,cow,556,780,574,800
W04091RPSC00365_trim25.jpg,600,1024,cow,380,595,401,611
W04091RPSC00365_trim25.jpg,600,1024,cow,426,582,438,607
W04091RPSC00365_trim25.jpg,600,1024,cow,154,471,168,491
W04091RPSC00365_trim25.jpg,600,1024,cow,75,410,92,428
W04091RPSC00365_trim25.jpg,600,1024,cow,245,383,261,400
W04091RPSC00365_trim25.jpg,600,1024,cow,189,307,204,327
W04091RPSC00365_trim25.jpg,600,1024,cow,430,381,441,402
W04091RPSC00365_trim25.jpg,600,1024,cow,408,193,426,206
W04091RPSC00365_trim25.jpg,600,1024,cow,379,155,398,170
W04091RPSC00365_trim25.jpg,600,1024,cow,383,136,396,152
W04091RPSC00365_trim25.jpg,600,1024,cow,446,151,462,162
W04091RPSC00365_trim25.jpg,600,1024,cow,409,112,425,124
W04091RPSC00365_trim25.jpg,600,1024,cow,430,95,447,108
W04091RPSC00365_trim25.jpg,600,1024,cow,431,58,447,71
W04091RPSC00365_trim25.jpg,600,1024,cow,484,56,501,67
W04091RPSC00365_trim25.jpg,600,1024,cow,463,110,472,126
W04091RPSC00365_trim25.jpg,600,1024,cow,498,131,519,146
W04091RPSC00365_trim25.jpg,600,1024,cow,505,94,522,108
W04091RPSC00365_trim25.jpg,600,1024,cow,545,96,565,111
W04091RPSC00365_trim25.jpg,600,1024,cow,534,44,542,58
W04091RPSC00365_trim25.jpg,600,1024,cow,533,72,550,85
W04091RPSC00365_trim25.jpg,600,1024,cow,562,47,579,60
W04091RPSC00365_trim25.jpg,600,1024,cow,586,86,600,106
W04091RPSC00365_trim31.jpg,600,1024,cow,338,971,359,986
W04091RPSC00365_trim31.jpg,600,1024,cow,429,904,439,924
W04091RPSC00365_trim31.jpg,600,1024,cow,240,861,257,876
W04091RPSC00365_trim31.jpg,600,1024,cow,289,793,305,815
W04091RPSC00365_trim31.jpg,600,1024,cow,205,810,223,824
W04091RPSC00365_trim31.jpg,600,1024,cow,160,762,181,774
W04091RPSC00365_trim31.jpg,600,1024,cow,328,463,349,476
W04091RPSC00365_trim31.jpg,600,1024,cow,33,288,52,306
W04091RPSC00365_trim31.jpg,600,1024,cow,42,275,58,286
W04091RPSC00365_trim31.jpg,600,1024,cow,120,281,134,297
W04091RPSC00365_trim31.jpg,600,1024,cow,50,215,66,227
W04091RPSC00365_trim31.jpg,600,1024,cow,42,178,57,189
W04091RPSC00365_trim31.jpg,600,1024,cow,26,133,35,147
W04091RPSC00365_trim31.jpg,600,1024,cow,54,119,63,135
W04091RPSC00365_trim31.jpg,600,1024,cow,5,86,17,98
W04091RPSC00365_trim31.jpg,600,1024,cow,24,82,41,91
W04091RPSC00365_trim31.jpg,600,1024,cow,2,71,19,81
W04091RPSC00365_trim31.jpg,600,1024,cow,1,40,17,53
W04091RPSC00365_trim31.jpg,600,1024,cow,34,22,46,32
W04091RPSC00365_trim31.jpg,600,1024,cow,1,28,13,36
W04091RPSC00365_trim31.jpg,600,1024,cow,75,35,88,46
W04091RPSC00365_trim31.jpg,600,1024,cow,89,18,98,33
W04091RPSC00365_trim31.jpg,600,1024,cow,111,10,125,25
W04091RPSC00365_trim31.jpg,600,1024,cow,331,417,345,427
W04091RPSC00365_trim31.jpg,600,1024,cow,32,680,49,692
W04091RPSC00365_trim32.jpg,600,1024,cow,571,419,593,437
W04091RPSC00365_trim32.jpg,600,1024,cow,358,301,375,316
W04091RPSC00365_trim32.jpg,600,1024,cow,553,343,572,362
W04091RPSC00365_trim32.jpg,600,1024,cow,482,119,503,137
W04091RPSC00365_trim32.jpg,600,1024,cow,342,86,363,103
W04091RPSC00365_trim32.jpg,600,1024,cow,246,13,266,24
W04091RPSC00365_trim37.jpg,400,1024,cow,19,927,39,944
W04091RPSC00365_trim37.jpg,400,1024,cow,47,310,59,327
W04091RPSC00365_trim7.jpg,600,1024,cow,297,66,318,81
W04091RPSC00365_trim7.jpg,600,1024,cow,239,133,261,148
W04091RPSC00365_trim7.jpg,600,1024,cow,404,113,422,129
W04091RPSC00365_trim7.jpg,600,1024,cow,164,244,186,261
W04091RPSC00365_trim7.jpg,600,1024,cow,188,274,206,290
W04091RPSC00365_trim7.jpg,600,1024,cow,134,328,163,345
W04091RPSC00365_trim7.jpg,600,1024,cow,350,533,373,550
W04091RPSC00680_trim11.jpg,600,1024,kiang,348,23,377,44
W04091RPSC00680_trim16.jpg,600,1024,kiang,217,119,232,148
W04091RPSC00680_trim16.jpg,600,1024,kiang,273,755,291,785
W04091RPSC00680_trim28.jpg,600,1024,kiang,169,713,186,748
W04091RPSC00680_trim28.jpg,600,1024,kiang,145,670,169,692
W04091RPSC00680_trim28.jpg,600,1024,kiang,187,654,204,677
W04091RPSC00680_trim28.jpg,600,1024,kiang,204,666,229,685
W04091RPSC00680_trim41.jpg,400,1024,kiang,282,174,315,201
W04091RPSC00895_trim15.jpg,600,1024,kiang,186,271,219,296
W04091RPSC00895_trim18.jpg,600,880,cow,576,66,600,111
W04091RPSC00895_trim24.jpg,600,880,cow,48,180,76,230
W04091RPSC00895_trim24.jpg,600,880,cow,89,170,112,227
W04091RPSC00895_trim24.jpg,600,880,cow,208,92,249,118
W04091RPSC00895_trim24.jpg,600,880,cow,85,78,101,109
W04091RPSC00895_trim24.jpg,600,880,cow,99,118,139,139
W04091RPSC00895_trim24.jpg,600,880,cow,190,150,210,194
W04091RPSC00895_trim24.jpg,600,880,cow,336,213,366,245
W04091RPSC00895_trim24.jpg,600,880,cow,446,78,474,114
W04091RPSC00895_trim24.jpg,600,880,cow,136,9,173,51
W04091RPSC00895_trim24.jpg,600,880,cow,277,456,304,494
W04091RPSC00895_trim24.jpg,600,880,cow,444,349,465,385
W04091RPSC00895_trim24.jpg,600,880,cow,531,228,560,260
W04091RPSC00895_trim24.jpg,600,880,cow,376,298,408,346
W04091RPSC00895_trim24.jpg,600,880,cow,393,317,423,363
W04091RPSC00895_trim24.jpg,600,880,cow,528,412,551,451
W04091RPSC00895_trim26.jpg,600,1024,kiang,20,625,47,662
W04091RPSC00895_trim26.jpg,600,1024,kiang,34,661,64,684
W04091RPSC00895_trim30.jpg,600,880,cow,30,87,71,110
W04091RPSC00895_trim30.jpg,600,880,cow,5,490,38,524
W04091RPSC00895_trim30.jpg,600,880,cow,109,541,144,592
W04091RPSC00895_trim30.jpg,600,880,cow,109,594,133,636
W04091RPSC00895_trim30.jpg,600,880,cow,251,602,278,643
W04091RPSC00895_trim30.jpg,600,880,cow,193,703,234,742
W04091RPSC00895_trim30.jpg,600,880,cow,299,744,328,784
W04091RPSC00895_trim30.jpg,600,880,cow,388,776,410,824
W04091RPSC01068_trim17.jpg,600,1024,cow,113,123,152,161
W04091RPSC01068_trim30.jpg,600,880,cow,250,1,270,33
W04091RPSC01068_trim30.jpg,600,880,cow,315,187,346,211
W04091RPSC01068_trim30.jpg,600,880,cow,186,107,206,147
W04091RPSC01068_trim30.jpg,600,880,cow,150,143,179,162
W04091RPSC01068_trim30.jpg,600,880,cow,303,240,320,269
W04091RPSC01068_trim30.jpg,600,880,cow,144,427,165,460
W04091RPSC01068_trim30.jpg,600,880,cow,310,465,334,507
W04091RPSC01068_trim30.jpg,600,880,cow,286,510,317,533
W04091RPSC01068_trim30.jpg,600,880,cow,201,604,215,635
W04091RPSC01068_trim30.jpg,600,880,cow,392,608,422,625
W04091RPSC01219_trim14.jpg,600,1024,kiang,476,949,522,986
W04091RPSC01219_trim15.jpg,600,1024,kiang,228,1,283,37
W04091RPSC01219_trim15.jpg,600,1024,kiang,180,92,239,123
W04091RPSC01219_trim26.jpg,600,1024,kiang,173,610,232,656
W04091RPSC01223_trim19.jpg,1024,600,kiang,145,359,203,402
W04091RPSC01223_trim19.jpg,1024,600,kiang,480,147,525,169
W04091RPSC01223_trim19.jpg,1024,600,kiang,370,8,425,37
W04091RPSC01223_trim19.jpg,1024,600,kiang,568,49,616,95
W04091RPSC01227_trim21.jpg,600,1024,kiang,253,834,289,893
W04091RPSC01227_trim21.jpg,600,1024,kiang,373,894,403,954
W04091RPSC01227_trim21.jpg,600,1024,kiang,337,881,359,933
W04091RPSC01227_trim21.jpg,600,1024,kiang,370,819,398,868
W04091RPSC01227_trim21.jpg,600,1024,kiang,353,824,387,885
W04091RPSC01227_trim25.jpg,600,1024,kiang,160,788,179,825
W04091RPSC01227_trim25.jpg,600,1024,kiang,277,769,298,805
W04091RPSC01227_trim25.jpg,600,1024,kiang,209,666,248,694
W04091RPSC01227_trim25.jpg,600,1024,kiang,331,602,372,634
W04091RPSC01227_trim34.jpg,600,1024,kiang,210,642,278,668
W04091RPSC01227_trim34.jpg,600,1024,kiang,210,575,257,619
W04091RPSC01227_trim34.jpg,600,1024,kiang,274,540,330,574
W04091RPSC01227_trim34.jpg,600,1024,kiang,266,500,322,528
W04091RPSC01227_trim34.jpg,600,1024,kiang,161,437,226,466
W04091RPSC01227_trim34.jpg,600,1024,kiang,237,461,303,489
W04091RPSC01227_trim34.jpg,600,1024,kiang,205,478,249,533
W04152LDSC00139_trim6.jpg,600,880,cow,441,826,466,843
W04152LDSC00139_trim6.jpg,600,880,cow,388,866,410,880
W04152LDSC00139_trim6.jpg,600,880,cow,299,862,331,880
W04152LDSC00139_trim6.jpg,600,880,cow,49,537,75,550
W04152LDSC00139_trim6.jpg,600,880,cow,1,509,21,527
W04152LDSC00139_trim6.jpg,600,880,cow,28,186,44,214
W04152LDSC00139_trim6.jpg,600,880,cow,143,314,164,331
W04152LDSC00139_trim6.jpg,600,880,cow,132,383,157,403
W04152LDSC00139_trim6.jpg,600,880,cow,192,400,221,425
W04152LDSC00139_trim6.jpg,600,880,cow,313,331,329,356
W04152LDSC00139_trim6.jpg,600,880,cow,422,241,442,274
W04152LDSC00139_trim6.jpg,600,880,cow,466,150,496,163
W04152LDSC00139_trim6.jpg,600,880,cow,472,38,493,48
W04152LDSC00139_trim6.jpg,600,880,cow,568,174,586,194
W04152LDSC00139_trim6.jpg,600,880,cow,496,185,522,201
W04152RPSC00132_trim2.jpg,600,1024,cow,581,796,594,821
W04152RPSC00132_trim2.jpg,600,1024,cow,485,709,498,734
W04152RPSC00132_trim2.jpg,600,1024,cow,157,442,179,458
W04152RPSC00132_trim2.jpg,600,1024,cow,53,441,67,463
W04152RPSC00132_trim2.jpg,600,1024,cow,146,367,168,391
W04152RPSC00132_trim2.jpg,600,1024,cow,134,341,151,359
W04152RPSC00132_trim2.jpg,600,1024,cow,428,471,452,483
W04152RPSC00132_trim2.jpg,600,1024,cow,421,485,436,498
W04152RPSC00132_trim2.jpg,600,1024,cow,439,514,453,534
W04152RPSC00132_trim2.jpg,600,1024,cow,564,596,588,611
W04152RPSC00132_trim2.jpg,600,1024,cow,539,459,560,474
W04152RPSC00132_trim2.jpg,600,1024,cow,574,328,597,341
W04152RPSC00132_trim8.jpg,600,1024,cow,170,892,184,918
W04152RPSC00132_trim8.jpg,600,1024,cow,166,797,190,810
W04152RPSC00132_trim8.jpg,600,1024,cow,20,808,34,830
W04152RPSC00132_trim8.jpg,600,1024,cow,50,701,73,717
W04152RPSC00132_trim8.jpg,600,1024,cow,26,591,52,604
W04152RPSC00132_trim8.jpg,600,1024,cow,61,508,76,522
W04152RPSC00132_trim8.jpg,600,1024,cow,239,668,257,695
W04152RPSC00132_trim8.jpg,600,1024,cow,199,572,216,594
W04152RPSC00132_trim8.jpg,600,1024,cow,324,632,352,647
W04152RPSC00132_trim8.jpg,600,1024,cow,394,597,416,614
W04152RPSC00132_trim8.jpg,600,1024,cow,482,647,503,667
W04152RPSC00132_trim8.jpg,600,1024,cow,282,538,304,552
W04152RPSC00132_trim8.jpg,600,1024,cow,350,559,366,578
W04152RPSC00132_trim8.jpg,600,1024,cow,280,577,298,588
W04152RPSC00132_trim8.jpg,600,1024,cow,273,591,296,603
W04152RPSC00132_trim8.jpg,600,1024,cow,420,532,443,548
W04152RPSC00132_trim8.jpg,600,1024,cow,474,483,488,509
W04152RPSC00132_trim8.jpg,600,1024,cow,402,471,416,491
W04152RPSC00132_trim8.jpg,600,1024,cow,1,433,25,449
W04152RPSC00132_trim8.jpg,600,1024,cow,120,449,143,468
W04152RPSC00132_trim8.jpg,600,1024,cow,200,474,212,492
W04152RPSC00132_trim8.jpg,600,1024,cow,168,400,187,416
W04152RPSC00132_trim8.jpg,600,1024,cow,369,401,396,415
W04152RPSC00132_trim8.jpg,600,1024,cow,450,378,476,393
W04152RPSC00132_trim8.jpg,600,1024,cow,28,313,54,329
W04152RPSC00132_trim8.jpg,600,1024,cow,43,284,57,304
W04152RPSC00132_trim8.jpg,600,1024,cow,110,258,125,280
W04152RPSC00132_trim8.jpg,600,1024,cow,146,281,164,298
W04152RPSC00132_trim8.jpg,600,1024,cow,188,301,208,323
W04152RPSC00132_trim8.jpg,600,1024,cow,292,312,312,335
W04152RPSC00132_trim8.jpg,600,1024,cow,220,231,236,255
W04152RPSC00132_trim8.jpg,600,1024,cow,264,199,287,221
W04152RPSC00132_trim8.jpg,600,1024,cow,360,178,388,194
W04152RPSC00132_trim8.jpg,600,1024,cow,431,194,449,212
W04152RPSC00132_trim8.jpg,600,1024,cow,487,200,506,219
W04152RPSC00132_trim8.jpg,600,1024,cow,329,132,351,148
W04152RPSC00132_trim8.jpg,600,1024,cow,351,81,372,97
W04152RPSC00132_trim8.jpg,600,1024,cow,299,41,323,56
W04152RPSC00132_trim8.jpg,600,1024,cow,396,89,419,105
W04152RPSC00136_trim10.jpg,600,1024,cow,392,838,421,856
W04152RPSC00136_trim10.jpg,600,1024,cow,411,779,435,792
W04152RPSC00136_trim12.jpg,600,880,cow,24,98,43,120
W04152RPSC00136_trim12.jpg,600,880,cow,423,56,442,66
W04152RPSC00136_trim16.jpg,600,1024,cow,286,971,316,987
W04152RPSC00136_trim16.jpg,600,1024,cow,72,637,89,648
W04152RPSC00136_trim16.jpg,600,1024,cow,181,592,210,609
W04152RPSC00136_trim17.jpg,600,1024,cow,218,906,231,933
W04152RPSC00136_trim17.jpg,600,1024,cow,346,822,369,843
W04152RPSC00136_trim17.jpg,600,1024,cow,103,808,116,829
W04152RPSC00136_trim17.jpg,600,1024,cow,98,745,110,770
W04152RPSC00136_trim17.jpg,600,1024,cow,441,779,464,807
W04152RPSC00136_trim17.jpg,600,1024,cow,34,737,58,761
W04152RPSC00136_trim17.jpg,600,1024,cow,156,625,179,637
W04152RPSC00136_trim17.jpg,600,1024,cow,202,642,228,658
W04152RPSC00136_trim17.jpg,600,1024,cow,297,609,318,639
W04152RPSC00136_trim17.jpg,600,1024,cow,248,562,282,577
W04152RPSC00136_trim17.jpg,600,1024,cow,212,527,232,542
W04152RPSC00136_trim17.jpg,600,1024,cow,210,505,227,518
W04152RPSC00136_trim17.jpg,600,1024,cow,365,373,386,394
W04152RPSC00136_trim17.jpg,600,1024,cow,77,250,97,267
W04152RPSC00136_trim17.jpg,600,1024,cow,206,194,225,212
W04152RPSC00136_trim17.jpg,600,1024,cow,240,37,264,59
W04152RPSC00136_trim17.jpg,600,1024,cow,319,447,341,465
W04152RPSC00136_trim17.jpg,600,1024,cow,529,180,552,200
W04152RPSC00136_trim23.jpg,600,1024,cow,86,806,108,830
W04152RPSC00136_trim23.jpg,600,1024,cow,1,332,20,356
W04152RPSC00136_trim23.jpg,600,1024,cow,37,166,54,192
W04152RPSC00136_trim23.jpg,600,1024,cow,198,345,216,363
W04152RPSC00136_trim23.jpg,600,1024,cow,90,480,103,498
W04152RPSC00136_trim23.jpg,600,1024,cow,194,402,215,428
W04152RPSC00136_trim23.jpg,600,1024,cow,275,372,302,386
W04152RPSC00136_trim23.jpg,600,1024,cow,562,576,579,601
W04152RPSC00136_trim28.jpg,600,1024,cow,206,110,230,126
W04152RPSC00136_trim28.jpg,600,1024,cow,347,276,364,300
W04152RPSC00136_trim28.jpg,600,1024,cow,422,187,438,206
W04152RPSC00136_trim28.jpg,600,1024,cow,439,218,467,233
W04152RPSC00136_trim28.jpg,600,1024,cow,463,304,486,320
W04152RPSC00136_trim30.jpg,600,880,cow,54,67,68,98
W04152RPSC00136_trim33.jpg,600,1024,cow,229,643,242,665
W04152RPSC00136_trim33.jpg,600,1024,cow,266,841,276,860
W04152RPSC00136_trim33.jpg,600,1024,cow,469,720,491,733
W04152RPSC00136_trim33.jpg,600,1024,cow,521,676,543,693
W04152RPSC00136_trim33.jpg,600,1024,cow,533,764,547,787
W04152RPSC00136_trim34.jpg,600,1024,cow,165,352,184,367
W04152RPSC00136_trim34.jpg,600,1024,cow,185,347,207,359
W04152RPSC00136_trim34.jpg,600,1024,cow,204,391,218,416
W04152RPSC00136_trim34.jpg,600,1024,cow,296,618,309,643
W04152RPSC00136_trim34.jpg,600,1024,cow,405,537,419,560
W04152RPSC00136_trim34.jpg,600,1024,cow,427,715,439,742
W04152RPSC00136_trim34.jpg,600,1024,cow,475,734,488,756
W04152RPSC00136_trim34.jpg,600,1024,cow,481,611,507,624
W04152RPSC00136_trim34.jpg,600,1024,cow,362,491,390,507
W04152RPSC00136_trim34.jpg,600,1024,cow,434,485,460,499
W04152RPSC00136_trim34.jpg,600,1024,cow,310,336,329,351
W04152RPSC00136_trim34.jpg,600,1024,cow,370,312,397,326
W04152RPSC00136_trim34.jpg,600,1024,cow,455,388,467,407
W04152RPSC00136_trim34.jpg,600,1024,cow,520,315,531,340
W04152RPSC00136_trim34.jpg,600,1024,cow,564,281,583,292
W04152RPSC00136_trim34.jpg,600,1024,cow,318,194,343,204
W04152RPSC00136_trim34.jpg,600,1024,cow,384,144,399,162
W04152RPSC00136_trim34.jpg,600,1024,cow,382,176,403,193
W04152RPSC00136_trim34.jpg,600,1024,cow,446,120,469,137
W04152RPSC00136_trim34.jpg,600,1024,cow,501,150,521,163
W04152RPSC00136_trim34.jpg,600,1024,cow,574,95,588,116
W04152RPSC00136_trim34.jpg,600,1024,cow,554,172,573,193
W04152RPSC00136_trim39.jpg,400,1024,cow,29,920,48,938
W04152RPSC00136_trim39.jpg,400,1024,cow,88,959,107,978
W04152RPSC00136_trim39.jpg,400,1024,cow,138,967,160,986
W04152RPSC00136_trim39.jpg,400,1024,cow,68,1016,98,1024
W04152RPSC00136_trim40.jpg,400,1024,cow,15,809,40,824
W04152RPSC00136_trim40.jpg,400,1024,cow,34,718,62,732
W04152RPSC00136_trim40.jpg,400,1024,cow,91,578,109,604
W04152RPSC00136_trim40.jpg,400,1024,cow,189,541,214,558
W04152RPSC00136_trim40.jpg,400,1024,cow,122,494,148,512
W04152RPSC00136_trim40.jpg,400,1024,cow,252,505,270,527
W04152RPSC00136_trim40.jpg,400,1024,cow,23,468,35,492
W04152RPSC00136_trim40.jpg,400,1024,cow,112,435,137,449
W04152RPSC00136_trim40.jpg,400,1024,cow,146,466,165,477
W04152RPSC00136_trim40.jpg,400,1024,cow,193,452,205,473
W04152RPSC00136_trim40.jpg,400,1024,cow,263,430,283,447
W04152RPSC00136_trim40.jpg,400,1024,cow,228,360,242,378
W04152RPSC00136_trim40.jpg,400,1024,cow,355,562,383,583
W04152RPSC00136_trim40.jpg,400,1024,cow,315,389,329,416
W04152RPSC00136_trim40.jpg,400,1024,cow,1,332,10,356
W04152RPSC00136_trim40.jpg,400,1024,cow,175,289,200,306
W04152RPSC00136_trim40.jpg,400,1024,cow,267,265,290,281
W04152RPSC00136_trim40.jpg,400,1024,cow,76,178,94,201
W04152RPSC00136_trim40.jpg,400,1024,cow,258,64,272,85
W04152RPSC00136_trim40.jpg,400,1024,cow,196,60,215,79
W04152RPSC00136_trim40.jpg,400,1024,cow,116,40,133,61
W04152RPSC00136_trim40.jpg,400,1024,cow,17,61,29,86
W04152RPSC00136_trim5.jpg,600,1024,cow,84,745,97,763
W04152RPSC00136_trim5.jpg,600,1024,cow,145,744,169,764
W04152RPSC00136_trim5.jpg,600,1024,cow,168,780,188,794
W04152RPSC00136_trim5.jpg,600,1024,cow,488,644,504,660
W04152RPSC00136_trim5.jpg,600,1024,cow,29,316,53,341
W04152RPSC00136_trim5.jpg,600,1024,cow,266,199,292,214
W04152RPSC00136_trim5.jpg,600,1024,cow,428,157,449,168
W04152RPSC00136_trim5.jpg,600,1024,cow,489,128,517,143
W04152RPSC00136_trim5.jpg,600,1024,cow,481,173,508,184
W04152RPSC00136_trim6.jpg,600,880,cow,225,1,255,19
W04152RPSC00490_trim21.jpg,600,1024,cow,266,664,288,680
W04152RPSC00490_trim21.jpg,600,1024,cow,226,662,243,682
W04152RPSC00490_trim21.jpg,600,1024,cow,192,501,209,510
W04152RPSC00490_trim21.jpg,600,1024,cow,15,518,23,528
W04152RPSC00490_trim21.jpg,600,1024,cow,27,506,40,517
W04152RPSC00490_trim21.jpg,600,1024,cow,36,473,52,484
W04152RPSC00490_trim21.jpg,600,1024,cow,73,481,89,501
W04152RPSC00490_trim21.jpg,600,1024,cow,111,478,125,488
W04152RPSC00490_trim21.jpg,600,1024,cow,98,445,120,456
W04152RPSC00490_trim21.jpg,600,1024,cow,74,425,84,441
W04152RPSC00490_trim21.jpg,600,1024,cow,193,405,208,418
W04152RPSC00490_trim21.jpg,600,1024,cow,348,413,368,427
W04152RPSC00490_trim21.jpg,600,1024,cow,366,424,377,440
W04152RPSC00490_trim21.jpg,600,1024,cow,38,390,53,403
W04152RPSC00490_trim21.jpg,600,1024,cow,162,367,179,383
W04152RPSC00490_trim21.jpg,600,1024,cow,15,360,31,373
W04152RPSC00490_trim21.jpg,600,1024,cow,146,349,163,368
W04152RPSC00490_trim21.jpg,600,1024,cow,66,330,78,344
W04152RPSC00490_trim21.jpg,600,1024,cow,146,319,166,331
W04152RPSC00490_trim21.jpg,600,1024,cow,8,261,30,274
W04152RPSC00490_trim21.jpg,600,1024,cow,127,207,141,223
W04152RPSC00490_trim21.jpg,600,1024,cow,130,228,146,241
W04152RPSC00490_trim21.jpg,600,1024,cow,176,276,197,290
W04152RPSC00490_trim21.jpg,600,1024,cow,305,201,314,209
W04152RPSC00490_trim21.jpg,600,1024,cow,585,356,600,372
W04153LDSC00134_trim35.jpg,600,1024,cow,280,947,322,972
W04153LDSC00134_trim35.jpg,600,1024,cow,164,812,193,847
W04153LDSC00134_trim35.jpg,600,1024,cow,405,801,439,837
W04153LDSC00134_trim35.jpg,600,1024,cow,405,911,432,949
W04153LDSC00134_trim35.jpg,600,1024,cow,237,452,280,468
W04153LDSC00138_trim20.jpg,600,1024,cow,303,972,321,1000
W04153LDSC00138_trim20.jpg,600,1024,cow,534,914,549,945
W04153LDSC00138_trim20.jpg,600,1024,cow,570,893,586,922
W04153LDSC00138_trim20.jpg,600,1024,cow,514,1002,530,1024
W04153LDSC00138_trim21.jpg,600,1024,cow,148,93,166,119
W04153LDSC00138_trim26.jpg,600,1024,cow,38,883,54,911
W04153LDSC00595_trim21.jpg,600,1024,cow,504,900,524,927
W04153LDSC00595_trim21.jpg,600,1024,cow,204,547,225,562
W04153LDSC00595_trim21.jpg,600,1024,cow,252,443,278,460
W04153LDSC00604_trim15.jpg,600,1024,cow,552,192,586,221
W04153LDSC00604_trim2.jpg,600,1024,cow,435,815,452,844
W04153LDSC00604_trim2.jpg,600,1024,cow,119,822,136,852
W04153LDSC00604_trim2.jpg,600,1024,cow,136,829,153,858
W04153LDSC00604_trim2.jpg,600,1024,cow,130,860,147,892
W04153LDSC00604_trim2.jpg,600,1024,cow,49,907,65,936
W04153LDSC00604_trim2.jpg,600,1024,cow,26,915,43,941
W04153LDSC00604_trim2.jpg,600,1024,cow,16,938,36,957
W04153LDSC00604_trim2.jpg,600,1024,cow,38,955,55,987
W04153RPSC00608_trim21.jpg,600,1024,cow,550,960,574,977
W04153RPSC00608_trim21.jpg,600,1024,cow,568,538,600,557
W04153RPSC00608_trim21.jpg,600,1024,cow,293,42,313,69
W04153RPSC00608_trim21.jpg,600,1024,cow,465,171,481,196
W04153RPSC00608_trim21.jpg,600,1024,cow,567,385,585,410
W04153RPSC00608_trim22.jpg,600,1024,cow,521,610,548,651
W04153RPSC00608_trim27.jpg,600,1024,cow,413,845,440,860
W04153RPSC00608_trim27.jpg,600,1024,cow,318,835,343,848
W04153RPSC00608_trim27.jpg,600,1024,cow,313,786,346,800
W04153RPSC00608_trim27.jpg,600,1024,cow,259,847,291,864
W04153RPSC00608_trim27.jpg,600,1024,cow,118,861,151,877
W04153RPSC00608_trim27.jpg,600,1024,cow,227,714,254,727
W04153RPSC00608_trim27.jpg,600,1024,cow,273,678,298,692
W04153RPSC00608_trim27.jpg,600,1024,cow,166,666,191,684
W04153RPSC00608_trim27.jpg,600,1024,cow,229,597,250,621
W04153RPSC00608_trim27.jpg,600,1024,cow,41,492,54,514
W04153RPSC00608_trim27.jpg,600,1024,cow,97,605,118,634
W04153RPSC00608_trim27.jpg,600,1024,cow,138,526,159,548
W04153RPSC00608_trim27.jpg,600,1024,cow,196,545,220,568
W04153RPSC00608_trim27.jpg,600,1024,cow,302,516,326,541
W04153RPSC00608_trim27.jpg,600,1024,cow,234,248,253,273
W04153RPSC00608_trim27.jpg,600,1024,cow,109,232,130,256
W04153RPSC00608_trim27.jpg,600,1024,cow,11,296,24,315
W04153RPSC00608_trim27.jpg,600,1024,cow,49,280,58,296
W04153RPSC00608_trim27.jpg,600,1024,cow,80,255,94,272
W04153RPSC00608_trim27.jpg,600,1024,cow,47,257,60,276
W04153RPSC00608_trim27.jpg,600,1024,cow,11,248,23,268
W04153RPSC00608_trim27.jpg,600,1024,cow,30,238,47,265
W04153RPSC00608_trim27.jpg,600,1024,cow,1,220,8,242
W04153RPSC00608_trim27.jpg,600,1024,cow,13,213,22,235
W04153RPSC00608_trim27.jpg,600,1024,cow,27,214,41,235
W04153RPSC00608_trim27.jpg,600,1024,cow,46,204,60,234
W04153RPSC00608_trim27.jpg,600,1024,cow,26,187,44,211
W04153RPSC00608_trim27.jpg,600,1024,cow,40,139,52,161
W04153RPSC00608_trim27.jpg,600,1024,cow,29,1,45,19
W04153RPSC00608_trim29.jpg,600,1024,cow,449,448,491,472
W04153RPSC00608_trim29.jpg,600,1024,cow,343,22,363,64
